anio,total,nivel_inicial_basico1,nivel_basico23_elemental,nivel_intermedio_suficiencia,nacidos_cataluna,nacidos_resto_espana,nacidos_extranjero,sin_datos_origen,origen_conocido,ue,resto_europa,norte_africa,resto_africa,america_sur_central,asia,resto_mundo,dif_niveles,dif_origen,dif_subregiones
2011,105605,38173,35993,31439,19039,16824,65025,4717,100888,8284,2728,10305,4771,33737,4788,412,0,0,0
2012,95248,37665,32484,25099,15634,15348,63311,955,94293,7328,2692,9936,4408,31485,7067,395,0,0,0
2013,74345,28877,25304,20164,12694,13358,47743,550,73795,5614,2403,7249,3159,23203,5832,283,0,0,0
2014,62336,25006,20426,16904,10314,11420,40196,406,61930,4927,2070,6242,2556,19262,4822,317,0,0,0
2015,65194,28030,21080,16084,9407,10920,44363,504,64690,5271,2454,6500,2362,21989,5391,396,0,0,0
2016,68352,29494,22559,16299,9617,10435,47877,423,67929,5479,2802,7001,2085,24729,5423,358,0,0,0
2017,71040,31918,23393,15729,9146,9675,51892,327,70713,5188,2936,7011,2146,28123,6080,408,0,0,0
2018,75112,32836,26297,15979,9038,9092,56665,317,74795,4733,2736,8358,2242,32053,6184,359,0,0,0
2019,85185,39662,29422,16101,8549,8589,67581,466,84719,4641,2708,11980,3185,37945,6766,356,0,0,0
2020,51705,23075,18297,10333,4590,5031,37079,5005,46700,2743,1451,5912,1451,22265,3054,203,0,0,0
2021,72411,33863,25784,12764,3922,5152,35695,27642,44769,2723,1256,5438,1441,22146,2519,172,0,0,0
2022,89212,46764,29848,12600,3493,5050,52336,28333,60879,2597,3107,8316,2353,32381,3366,216,0,0,0
2023,97244,43198,38834,15212,6359,7729,74502,8654,88590,4209,3698,8466,2665,50783,4177,503,0,0,1
