año;Cataluña;lengua;sexo;concepto;habilidades lingüísticas;estado;valor
2008;Catalunya;catalán;hombres;población de 15 años o más (miles);entender;;2873,1
2008;Catalunya;catalán;hombres;población de 15 años o más (miles);saber hablar;;2363,2
2008;Catalunya;catalán;hombres;población de 15 años o más (miles);saber leer;;2475,7
2008;Catalunya;catalán;hombres;población de 15 años o más (miles);saber escribir;;1893,6
2008;Catalunya;catalán;hombres;población de 15 años o más (miles);conocimiento en todas las habilidades;;1869,6
2008;Catalunya;catalán;hombres;proporción sobre la población de 15 años o más (%);entender;;94,7
2008;Catalunya;catalán;hombres;proporción sobre la población de 15 años o más (%);saber hablar;;77,9
2008;Catalunya;catalán;hombres;proporción sobre la población de 15 años o más (%);saber leer;;81,6
2008;Catalunya;catalán;hombres;proporción sobre la población de 15 años o más (%);saber escribir;;62,4
2008;Catalunya;catalán;hombres;proporción sobre la población de 15 años o más (%);conocimiento en todas las habilidades;;61,6
2008;Catalunya;catalán;mujeres;población de 15 años o más (miles);entender;;2959,1
2008;Catalunya;catalán;mujeres;población de 15 años o más (miles);saber hablar;;2460,1
2008;Catalunya;catalán;mujeres;población de 15 años o más (miles);saber leer;;2558,8
2008;Catalunya;catalán;mujeres;población de 15 años o más (miles);saber escribir;;1913,7
2008;Catalunya;catalán;mujeres;población de 15 años o más (miles);conocimiento en todas las habilidades;;1896,5
2008;Catalunya;catalán;mujeres;proporción sobre la población de 15 años o más (%);entender;;94,6
2008;Catalunya;catalán;mujeres;proporción sobre la población de 15 años o más (%);saber hablar;;78,6
2008;Catalunya;catalán;mujeres;proporción sobre la población de 15 años o más (%);saber leer;;81,8
2008;Catalunya;catalán;mujeres;proporción sobre la población de 15 años o más (%);saber escribir;;61,2
2008;Catalunya;catalán;mujeres;proporción sobre la población de 15 años o más (%);conocimiento en todas las habilidades;;60,6
2008;Catalunya;catalán;total;población de 15 años o más (miles);entender;;5832,2
2008;Catalunya;catalán;total;población de 15 años o más (miles);saber hablar;;4823,4
2008;Catalunya;catalán;total;población de 15 años o más (miles);saber leer;;5034,4
2008;Catalunya;catalán;total;población de 15 años o más (miles);saber escribir;;3807,3
2008;Catalunya;catalán;total;población de 15 años o más (miles);conocimiento en todas las habilidades;;3766,1
2008;Catalunya;catalán;total;proporción sobre la población de 15 años o más (%);entender;;94,6
2008;Catalunya;catalán;total;proporción sobre la población de 15 años o más (%);saber hablar;;78,3
2008;Catalunya;catalán;total;proporción sobre la población de 15 años o más (%);saber leer;;81,7
2008;Catalunya;catalán;total;proporción sobre la población de 15 años o más (%);saber escribir;;61,8
2008;Catalunya;catalán;total;proporción sobre la población de 15 años o más (%);conocimiento en todas las habilidades;;61,1
2008;Catalunya;castellano;hombres;población de 15 años o más (miles);entender;;3033,4
2008;Catalunya;castellano;hombres;población de 15 años o más (miles);saber hablar;;3029,5
2008;Catalunya;castellano;hombres;población de 15 años o más (miles);saber leer;;2959,9
2008;Catalunya;castellano;hombres;población de 15 años o más (miles);saber escribir;;2901,9
2008;Catalunya;castellano;hombres;población de 15 años o más (miles);conocimiento en todas las habilidades;;2901,3
2008;Catalunya;castellano;hombres;proporción sobre la población de 15 años o más (%);entender;;100,0
2008;Catalunya;castellano;hombres;proporción sobre la población de 15 años o más (%);saber hablar;;99,8
2008;Catalunya;castellano;hombres;proporción sobre la población de 15 años o más (%);saber leer;;97,6
2008;Catalunya;castellano;hombres;proporción sobre la población de 15 años o más (%);saber escribir;;95,6
2008;Catalunya;castellano;hombres;proporción sobre la población de 15 años o más (%);conocimiento en todas las habilidades;;95,6
2008;Catalunya;castellano;mujeres;población de 15 años o más (miles);entender;;3125,0
2008;Catalunya;castellano;mujeres;población de 15 años o más (miles);saber hablar;;3117,3
2008;Catalunya;castellano;mujeres;población de 15 años o más (miles);saber leer;;3043,0
2008;Catalunya;castellano;mujeres;población de 15 años o más (miles);saber escribir;;2989,4
2008;Catalunya;castellano;mujeres;población de 15 años o más (miles);conocimiento en todas las habilidades;;2986,0
2008;Catalunya;castellano;mujeres;proporción sobre la población de 15 años o más (%);entender;;99,9
2008;Catalunya;castellano;mujeres;proporción sobre la población de 15 años o más (%);saber hablar;;99,6
2008;Catalunya;castellano;mujeres;proporción sobre la población de 15 años o más (%);saber leer;;97,3
2008;Catalunya;castellano;mujeres;proporción sobre la población de 15 años o más (%);saber escribir;;95,6
2008;Catalunya;castellano;mujeres;proporción sobre la población de 15 años o más (%);conocimiento en todas las habilidades;;95,5
2008;Catalunya;castellano;total;población de 15 años o más (miles);entender;;6158,4
2008;Catalunya;castellano;total;población de 15 años o más (miles);saber hablar;;6146,8
2008;Catalunya;castellano;total;población de 15 años o más (miles);saber leer;;6002,9
2008;Catalunya;castellano;total;población de 15 años o más (miles);saber escribir;;5891,3
2008;Catalunya;castellano;total;población de 15 años o más (miles);conocimiento en todas las habilidades;;5887,3
2008;Catalunya;castellano;total;proporción sobre la población de 15 años o más (%);entender;;99,9
2008;Catalunya;castellano;total;proporción sobre la población de 15 años o más (%);saber hablar;;99,7
2008;Catalunya;castellano;total;proporción sobre la población de 15 años o más (%);saber leer;;97,4
2008;Catalunya;castellano;total;proporción sobre la población de 15 años o más (%);saber escribir;;95,6
2008;Catalunya;castellano;total;proporción sobre la población de 15 años o más (%);conocimiento en todas las habilidades;;95,5
2008;Catalunya;inglés;hombres;población de 15 años o más (miles);entender;;1007,0
2008;Catalunya;inglés;hombres;población de 15 años o más (miles);saber hablar;;838,7
2008;Catalunya;inglés;hombres;población de 15 años o más (miles);saber leer;;880,4
2008;Catalunya;inglés;hombres;población de 15 años o más (miles);saber escribir;;751,1
2008;Catalunya;inglés;hombres;población de 15 años o más (miles);conocimiento en todas las habilidades;;700,3
2008;Catalunya;inglés;hombres;proporción sobre la población de 15 años o más (%);entender;;33,2
2008;Catalunya;inglés;hombres;proporción sobre la población de 15 años o más (%);saber hablar;;27,6
2008;Catalunya;inglés;hombres;proporción sobre la población de 15 años o más (%);saber leer;;29,0
2008;Catalunya;inglés;hombres;proporción sobre la población de 15 años o más (%);saber escribir;;24,8
2008;Catalunya;inglés;hombres;proporción sobre la población de 15 años o más (%);conocimiento en todas las habilidades;;23,1
2008;Catalunya;inglés;mujeres;población de 15 años o más (miles);entender;;963,8
2008;Catalunya;inglés;mujeres;población de 15 años o más (miles);saber hablar;;790,8
2008;Catalunya;inglés;mujeres;población de 15 años o más (miles);saber leer;;836,2
2008;Catalunya;inglés;mujeres;población de 15 años o más (miles);saber escribir;;732,3
2008;Catalunya;inglés;mujeres;población de 15 años o más (miles);conocimiento en todas las habilidades;;679,9
2008;Catalunya;inglés;mujeres;proporción sobre la población de 15 años o más (%);entender;;30,8
2008;Catalunya;inglés;mujeres;proporción sobre la población de 15 años o más (%);saber hablar;;25,3
2008;Catalunya;inglés;mujeres;proporción sobre la población de 15 años o más (%);saber leer;;26,7
2008;Catalunya;inglés;mujeres;proporción sobre la población de 15 años o más (%);saber escribir;;23,4
2008;Catalunya;inglés;mujeres;proporción sobre la población de 15 años o más (%);conocimiento en todas las habilidades;;21,7
2008;Catalunya;inglés;total;población de 15 años o más (miles);entender;;1970,8
2008;Catalunya;inglés;total;población de 15 años o más (miles);saber hablar;;1629,4
2008;Catalunya;inglés;total;población de 15 años o más (miles);saber leer;;1716,7
2008;Catalunya;inglés;total;población de 15 años o más (miles);saber escribir;;1483,5
2008;Catalunya;inglés;total;población de 15 años o más (miles);conocimiento en todas las habilidades;;1380,2
2008;Catalunya;inglés;total;proporción sobre la población de 15 años o más (%);entender;;32,0
2008;Catalunya;inglés;total;proporción sobre la población de 15 años o más (%);saber hablar;;26,4
2008;Catalunya;inglés;total;proporción sobre la población de 15 años o más (%);saber leer;;27,9
2008;Catalunya;inglés;total;proporción sobre la población de 15 años o más (%);saber escribir;;24,1
2008;Catalunya;inglés;total;proporción sobre la población de 15 años o más (%);conocimiento en todas las habilidades;;22,4
2008;Catalunya;francés;hombres;población de 15 años o más (miles);entender;;627,9
2008;Catalunya;francés;hombres;población de 15 años o más (miles);saber hablar;;506,0
2008;Catalunya;francés;hombres;población de 15 años o más (miles);saber leer;;487,4
2008;Catalunya;francés;hombres;población de 15 años o más (miles);saber escribir;;350,2
2008;Catalunya;francés;hombres;población de 15 años o más (miles);conocimiento en todas las habilidades;;337,9
2008;Catalunya;francés;hombres;proporción sobre la población de 15 años o más (%);entender;;20,7
2008;Catalunya;francés;hombres;proporción sobre la población de 15 años o más (%);saber hablar;;16,7
2008;Catalunya;francés;hombres;proporción sobre la población de 15 años o más (%);saber leer;;16,1
2008;Catalunya;francés;hombres;proporción sobre la población de 15 años o más (%);saber escribir;;11,5
2008;Catalunya;francés;hombres;proporción sobre la población de 15 años o más (%);conocimiento en todas las habilidades;;11,1
2008;Catalunya;francés;mujeres;población de 15 años o más (miles);entender;;686,7
2008;Catalunya;francés;mujeres;población de 15 años o más (miles);saber hablar;;521,4
2008;Catalunya;francés;mujeres;población de 15 años o más (miles);saber leer;;554,7
2008;Catalunya;francés;mujeres;población de 15 años o más (miles);saber escribir;;433,2
2008;Catalunya;francés;mujeres;población de 15 años o más (miles);conocimiento en todas las habilidades;;415,1
2008;Catalunya;francés;mujeres;proporción sobre la población de 15 años o más (%);entender;;22,0
2008;Catalunya;francés;mujeres;proporción sobre la población de 15 años o más (%);saber hablar;;16,7
2008;Catalunya;francés;mujeres;proporción sobre la población de 15 años o más (%);saber leer;;17,7
2008;Catalunya;francés;mujeres;proporción sobre la población de 15 años o más (%);saber escribir;;13,8
2008;Catalunya;francés;mujeres;proporción sobre la población de 15 años o más (%);conocimiento en todas las habilidades;;13,3
2008;Catalunya;francés;total;población de 15 años o más (miles);entender;;1314,6
2008;Catalunya;francés;total;población de 15 años o más (miles);saber hablar;;1027,4
2008;Catalunya;francés;total;población de 15 años o más (miles);saber leer;;1042,1
2008;Catalunya;francés;total;población de 15 años o más (miles);saber escribir;;783,3
2008;Catalunya;francés;total;población de 15 años o más (miles);conocimiento en todas las habilidades;;753,1
2008;Catalunya;francés;total;proporción sobre la población de 15 años o más (%);entender;;21,3
2008;Catalunya;francés;total;proporción sobre la población de 15 años o más (%);saber hablar;;16,7
2008;Catalunya;francés;total;proporción sobre la población de 15 años o más (%);saber leer;;16,9
2008;Catalunya;francés;total;proporción sobre la población de 15 años o más (%);saber escribir;;12,7
2008;Catalunya;francés;total;proporción sobre la población de 15 años o más (%);conocimiento en todas las habilidades;;12,2
2013;Catalunya;catalán;hombres;población de 15 años o más (miles);entender;;2872,7
2013;Catalunya;catalán;hombres;población de 15 años o más (miles);saber hablar;;2487,6
2013;Catalunya;catalán;hombres;población de 15 años o más (miles);saber leer;;2531,3
2013;Catalunya;catalán;hombres;población de 15 años o más (miles);saber escribir;;1853,2
2013;Catalunya;catalán;hombres;población de 15 años o más (miles);conocimiento en todas las habilidades;;1848,7
2013;Catalunya;catalán;hombres;proporción sobre la población de 15 años o más (%);entender;;94,3
2013;Catalunya;catalán;hombres;proporción sobre la población de 15 años o más (%);saber hablar;;81,7
2013;Catalunya;catalán;hombres;proporción sobre la población de 15 años o más (%);saber leer;;83,1
2013;Catalunya;catalán;hombres;proporción sobre la población de 15 años o más (%);saber escribir;;60,9
2013;Catalunya;catalán;hombres;proporción sobre la población de 15 años o más (%);conocimiento en todas las habilidades;;60,7
2013;Catalunya;catalán;mujeres;población de 15 años o más (miles);entender;;3026,7
2013;Catalunya;catalán;mujeres;población de 15 años o más (miles);saber hablar;;2539,5
2013;Catalunya;catalán;mujeres;población de 15 años o más (miles);saber leer;;2621,1
2013;Catalunya;catalán;mujeres;población de 15 años o más (miles);saber escribir;;1923,0
2013;Catalunya;catalán;mujeres;población de 15 años o más (miles);conocimiento en todas las habilidades;;1916,9
2013;Catalunya;catalán;mujeres;proporción sobre la población de 15 años o más (%);entender;;94,3
2013;Catalunya;catalán;mujeres;proporción sobre la población de 15 años o más (%);saber hablar;;79,1
2013;Catalunya;catalán;mujeres;proporción sobre la población de 15 años o más (%);saber leer;;81,7
2013;Catalunya;catalán;mujeres;proporción sobre la población de 15 años o más (%);saber escribir;;59,9
2013;Catalunya;catalán;mujeres;proporción sobre la población de 15 años o más (%);conocimiento en todas las habilidades;;59,7
2013;Catalunya;catalán;total;población de 15 años o más (miles);entender;;5899,4
2013;Catalunya;catalán;total;población de 15 años o más (miles);saber hablar;;5027,2
2013;Catalunya;catalán;total;población de 15 años o más (miles);saber leer;;5152,4
2013;Catalunya;catalán;total;población de 15 años o más (miles);saber escribir;;3776,3
2013;Catalunya;catalán;total;población de 15 años o más (miles);conocimiento en todas las habilidades;;3765,6
2013;Catalunya;catalán;total;proporción sobre la población de 15 años o más (%);entender;;94,3
2013;Catalunya;catalán;total;proporción sobre la población de 15 años o más (%);saber hablar;;80,4
2013;Catalunya;catalán;total;proporción sobre la población de 15 años o más (%);saber leer;;82,4
2013;Catalunya;catalán;total;proporción sobre la población de 15 años o más (%);saber escribir;;60,4
2013;Catalunya;catalán;total;proporción sobre la población de 15 años o más (%);conocimiento en todas las habilidades;;60,2
2013;Catalunya;castellano;hombres;población de 15 años o más (miles);entender;;3037,8
2013;Catalunya;castellano;hombres;población de 15 años o más (miles);saber hablar;;3035,5
2013;Catalunya;castellano;hombres;población de 15 años o más (miles);saber leer;;2981,6
2013;Catalunya;castellano;hombres;población de 15 años o más (miles);saber escribir;;2930,4
2013;Catalunya;castellano;hombres;población de 15 años o más (miles);conocimiento en todas las habilidades;;2930,4
2013;Catalunya;castellano;hombres;proporción sobre la población de 15 años o más (%);entender;;99,8
2013;Catalunya;castellano;hombres;proporción sobre la población de 15 años o más (%);saber hablar;;99,7
2013;Catalunya;castellano;hombres;proporción sobre la población de 15 años o más (%);saber leer;;97,9
2013;Catalunya;castellano;hombres;proporción sobre la población de 15 años o más (%);saber escribir;;96,2
2013;Catalunya;castellano;hombres;proporción sobre la población de 15 años o más (%);conocimiento en todas las habilidades;;96,2
2013;Catalunya;castellano;mujeres;población de 15 años o más (miles);entender;;3201,4
2013;Catalunya;castellano;mujeres;población de 15 años o más (miles);saber hablar;;3197,9
2013;Catalunya;castellano;mujeres;población de 15 años o más (miles);saber leer;;3111,1
2013;Catalunya;castellano;mujeres;población de 15 años o más (miles);saber escribir;;3066,8
2013;Catalunya;castellano;mujeres;población de 15 años o más (miles);conocimiento en todas las habilidades;;3065,0
2013;Catalunya;castellano;mujeres;proporción sobre la población de 15 años o más (%);entender;;99,8
2013;Catalunya;castellano;mujeres;proporción sobre la población de 15 años o más (%);saber hablar;;99,7
2013;Catalunya;castellano;mujeres;proporción sobre la población de 15 años o más (%);saber leer;;97,0
2013;Catalunya;castellano;mujeres;proporción sobre la población de 15 años o más (%);saber escribir;;95,6
2013;Catalunya;castellano;mujeres;proporción sobre la población de 15 años o más (%);conocimiento en todas las habilidades;;95,5
2013;Catalunya;castellano;total;población de 15 años o más (miles);entender;;6239,2
2013;Catalunya;castellano;total;población de 15 años o más (miles);saber hablar;;6233,5
2013;Catalunya;castellano;total;población de 15 años o más (miles);saber leer;;6092,7
2013;Catalunya;castellano;total;población de 15 años o más (miles);saber escribir;;5997,2
2013;Catalunya;castellano;total;población de 15 años o más (miles);conocimiento en todas las habilidades;;5995,5
2013;Catalunya;castellano;total;proporción sobre la población de 15 años o más (%);entender;;99,8
2013;Catalunya;castellano;total;proporción sobre la población de 15 años o más (%);saber hablar;;99,7
2013;Catalunya;castellano;total;proporción sobre la población de 15 años o más (%);saber leer;;97,4
2013;Catalunya;castellano;total;proporción sobre la población de 15 años o más (%);saber escribir;;95,9
2013;Catalunya;castellano;total;proporción sobre la población de 15 años o más (%);conocimiento en todas las habilidades;;95,9
2013;Catalunya;inglés;hombres;población de 15 años o más (miles);entender;;1249,3
2013;Catalunya;inglés;hombres;población de 15 años o más (miles);saber hablar;;1038,2
2013;Catalunya;inglés;hombres;población de 15 años o más (miles);saber leer;;1138,6
2013;Catalunya;inglés;hombres;población de 15 años o más (miles);saber escribir;;989,7
2013;Catalunya;inglés;hombres;población de 15 años o más (miles);conocimiento en todas las habilidades;;931,0
2013;Catalunya;inglés;hombres;proporción sobre la población de 15 años o más (%);entender;;41,0
2013;Catalunya;inglés;hombres;proporción sobre la población de 15 años o más (%);saber hablar;;34,1
2013;Catalunya;inglés;hombres;proporción sobre la población de 15 años o más (%);saber leer;;37,4
2013;Catalunya;inglés;hombres;proporción sobre la población de 15 años o más (%);saber escribir;;32,5
2013;Catalunya;inglés;hombres;proporción sobre la población de 15 años o más (%);conocimiento en todas las habilidades;;30,6
2013;Catalunya;inglés;mujeres;población de 15 años o más (miles);entender;;1151,5
2013;Catalunya;inglés;mujeres;población de 15 años o más (miles);saber hablar;;899,6
2013;Catalunya;inglés;mujeres;población de 15 años o más (miles);saber leer;;1033,8
2013;Catalunya;inglés;mujeres;población de 15 años o más (miles);saber escribir;;921,5
2013;Catalunya;inglés;mujeres;población de 15 años o más (miles);conocimiento en todas las habilidades;;839,3
2013;Catalunya;inglés;mujeres;proporción sobre la población de 15 años o más (%);entender;;35,9
2013;Catalunya;inglés;mujeres;proporción sobre la población de 15 años o más (%);saber hablar;;28,0
2013;Catalunya;inglés;mujeres;proporción sobre la población de 15 años o más (%);saber leer;;32,2
2013;Catalunya;inglés;mujeres;proporción sobre la población de 15 años o más (%);saber escribir;;28,7
2013;Catalunya;inglés;mujeres;proporción sobre la población de 15 años o más (%);conocimiento en todas las habilidades;;26,2
2013;Catalunya;inglés;total;población de 15 años o más (miles);entender;;2400,8
2013;Catalunya;inglés;total;población de 15 años o más (miles);saber hablar;;1937,8
2013;Catalunya;inglés;total;población de 15 años o más (miles);saber leer;;2172,4
2013;Catalunya;inglés;total;población de 15 años o más (miles);saber escribir;;1911,2
2013;Catalunya;inglés;total;población de 15 años o más (miles);conocimiento en todas las habilidades;;1770,3
2013;Catalunya;inglés;total;proporción sobre la población de 15 años o más (%);entender;;38,4
2013;Catalunya;inglés;total;proporción sobre la población de 15 años o más (%);saber hablar;;31,0
2013;Catalunya;inglés;total;proporción sobre la población de 15 años o más (%);saber leer;;34,7
2013;Catalunya;inglés;total;proporción sobre la población de 15 años o más (%);saber escribir;;30,6
2013;Catalunya;inglés;total;proporción sobre la población de 15 años o más (%);conocimiento en todas las habilidades;;28,3
2013;Catalunya;francés;hombres;población de 15 años o más (miles);entender;;738,4
2013;Catalunya;francés;hombres;población de 15 años o más (miles);saber hablar;;518,5
2013;Catalunya;francés;hombres;población de 15 años o más (miles);saber leer;;605,2
2013;Catalunya;francés;hombres;población de 15 años o más (miles);saber escribir;;394,9
2013;Catalunya;francés;hombres;población de 15 años o más (miles);conocimiento en todas las habilidades;;377,2
2013;Catalunya;francés;hombres;proporción sobre la población de 15 años o más (%);entender;;24,3
2013;Catalunya;francés;hombres;proporción sobre la población de 15 años o más (%);saber hablar;;17,0
2013;Catalunya;francés;hombres;proporción sobre la población de 15 años o más (%);saber leer;;19,9
2013;Catalunya;francés;hombres;proporción sobre la población de 15 años o más (%);saber escribir;;13,0
2013;Catalunya;francés;hombres;proporción sobre la población de 15 años o más (%);conocimiento en todas las habilidades;;12,4
2013;Catalunya;francés;mujeres;población de 15 años o más (miles);entender;;756,8
2013;Catalunya;francés;mujeres;población de 15 años o más (miles);saber hablar;;505,1
2013;Catalunya;francés;mujeres;población de 15 años o más (miles);saber leer;;595,3
2013;Catalunya;francés;mujeres;población de 15 años o más (miles);saber escribir;;405,0
2013;Catalunya;francés;mujeres;población de 15 años o más (miles);conocimiento en todas las habilidades;;381,4
2013;Catalunya;francés;mujeres;proporción sobre la población de 15 años o más (%);entender;;23,6
2013;Catalunya;francés;mujeres;proporción sobre la población de 15 años o más (%);saber hablar;;15,7
2013;Catalunya;francés;mujeres;proporción sobre la población de 15 años o más (%);saber leer;;18,6
2013;Catalunya;francés;mujeres;proporción sobre la población de 15 años o más (%);saber escribir;;12,6
2013;Catalunya;francés;mujeres;proporción sobre la población de 15 años o más (%);conocimiento en todas las habilidades;;11,9
2013;Catalunya;francés;total;población de 15 años o más (miles);entender;;1495,2
2013;Catalunya;francés;total;población de 15 años o más (miles);saber hablar;;1023,6
2013;Catalunya;francés;total;población de 15 años o más (miles);saber leer;;1200,5
2013;Catalunya;francés;total;población de 15 años o más (miles);saber escribir;;799,9
2013;Catalunya;francés;total;población de 15 años o más (miles);conocimiento en todas las habilidades;;758,6
2013;Catalunya;francés;total;proporción sobre la población de 15 años o más (%);entender;;23,9
2013;Catalunya;francés;total;proporción sobre la población de 15 años o más (%);saber hablar;;16,4
2013;Catalunya;francés;total;proporción sobre la población de 15 años o más (%);saber leer;;19,2
2013;Catalunya;francés;total;proporción sobre la población de 15 años o más (%);saber escribir;;12,8
2013;Catalunya;francés;total;proporción sobre la población de 15 años o más (%);conocimiento en todas las habilidades;;12,1
2018;Catalunya;catalán;hombres;población de 15 años o más (miles);entender;;2938,0
2018;Catalunya;catalán;hombres;población de 15 años o más (miles);saber hablar;;2559,9
2018;Catalunya;catalán;hombres;población de 15 años o más (miles);saber leer;;2675,4
2018;Catalunya;catalán;hombres;población de 15 años o más (miles);saber escribir;;2060,6
2018;Catalunya;catalán;hombres;población de 15 años o más (miles);conocimiento en todas las habilidades;;2041,1
2018;Catalunya;catalán;hombres;proporción sobre la población de 15 años o más (%);entender;;94,9
2018;Catalunya;catalán;hombres;proporción sobre la población de 15 años o más (%);saber hablar;;82,7
2018;Catalunya;catalán;hombres;proporción sobre la población de 15 años o más (%);saber leer;;86,4
2018;Catalunya;catalán;hombres;proporción sobre la población de 15 años o más (%);saber escribir;;66,6
2018;Catalunya;catalán;hombres;proporción sobre la población de 15 años o más (%);conocimiento en todas las habilidades;;65,9
2018;Catalunya;catalán;mujeres;población de 15 años o más (miles);entender;;3090,0
2018;Catalunya;catalán;mujeres;población de 15 años o más (miles);saber hablar;;2627,2
2018;Catalunya;catalán;mujeres;población de 15 años o más (miles);saber leer;;2787,7
2018;Catalunya;catalán;mujeres;población de 15 años o más (miles);saber escribir;;2109,8
2018;Catalunya;catalán;mujeres;población de 15 años o más (miles);conocimiento en todas las habilidades;;2088,3
2018;Catalunya;catalán;mujeres;proporción sobre la población de 15 años o más (%);entender;;93,9
2018;Catalunya;catalán;mujeres;proporción sobre la población de 15 años o más (%);saber hablar;;79,8
2018;Catalunya;catalán;mujeres;proporción sobre la población de 15 años o más (%);saber leer;;84,7
2018;Catalunya;catalán;mujeres;proporción sobre la población de 15 años o más (%);saber escribir;;64,1
2018;Catalunya;catalán;mujeres;proporción sobre la población de 15 años o más (%);conocimiento en todas las habilidades;;63,4
2018;Catalunya;catalán;total;población de 15 años o más (miles);entender;;6028,0
2018;Catalunya;catalán;total;población de 15 años o más (miles);saber hablar;;5187,1
2018;Catalunya;catalán;total;población de 15 años o más (miles);saber leer;;5463,1
2018;Catalunya;catalán;total;población de 15 años o más (miles);saber escribir;;4170,5
2018;Catalunya;catalán;total;población de 15 años o más (miles);conocimiento en todas las habilidades;;4129,4
2018;Catalunya;catalán;total;proporción sobre la población de 15 años o más (%);entender;;94,4
2018;Catalunya;catalán;total;proporción sobre la población de 15 años o más (%);saber hablar;;81,2
2018;Catalunya;catalán;total;proporción sobre la población de 15 años o más (%);saber leer;;85,5
2018;Catalunya;catalán;total;proporción sobre la población de 15 años o más (%);saber escribir;;65,3
2018;Catalunya;catalán;total;proporción sobre la población de 15 años o más (%);conocimiento en todas las habilidades;;64,7
2018;Catalunya;castellano;hombres;población de 15 años o más (miles);entender;;3092,2
2018;Catalunya;castellano;hombres;población de 15 años o más (miles);saber hablar;;3086,8
2018;Catalunya;castellano;hombres;población de 15 años o más (miles);saber leer;;3062,0
2018;Catalunya;castellano;hombres;población de 15 años o más (miles);saber escribir;;3032,2
2018;Catalunya;castellano;hombres;población de 15 años o más (miles);conocimiento en todas las habilidades;;3029,4
2018;Catalunya;castellano;hombres;proporción sobre la población de 15 años o más (%);entender;;99,9
2018;Catalunya;castellano;hombres;proporción sobre la población de 15 años o más (%);saber hablar;;99,7
2018;Catalunya;castellano;hombres;proporción sobre la población de 15 años o más (%);saber leer;;98,9
2018;Catalunya;castellano;hombres;proporción sobre la población de 15 años o más (%);saber escribir;;98,0
2018;Catalunya;castellano;hombres;proporción sobre la población de 15 años o más (%);conocimiento en todas las habilidades;;97,9
2018;Catalunya;castellano;mujeres;población de 15 años o más (miles);entender;;3279,9
2018;Catalunya;castellano;mujeres;población de 15 años o más (miles);saber hablar;;3270,2
2018;Catalunya;castellano;mujeres;población de 15 años o más (miles);saber leer;;3231,2
2018;Catalunya;castellano;mujeres;población de 15 años o más (miles);saber escribir;;3200,5
2018;Catalunya;castellano;mujeres;población de 15 años o más (miles);conocimiento en todas las habilidades;;3196,2
2018;Catalunya;castellano;mujeres;proporción sobre la población de 15 años o más (%);entender;;99,6
2018;Catalunya;castellano;mujeres;proporción sobre la población de 15 años o más (%);saber hablar;;99,3
2018;Catalunya;castellano;mujeres;proporción sobre la población de 15 años o más (%);saber leer;;98,2
2018;Catalunya;castellano;mujeres;proporción sobre la población de 15 años o más (%);saber escribir;;97,2
2018;Catalunya;castellano;mujeres;proporción sobre la población de 15 años o más (%);conocimiento en todas las habilidades;;97,1
2018;Catalunya;castellano;total;población de 15 años o más (miles);entender;;6372,0
2018;Catalunya;castellano;total;población de 15 años o más (miles);saber hablar;;6357,0
2018;Catalunya;castellano;total;población de 15 años o más (miles);saber leer;;6293,2
2018;Catalunya;castellano;total;población de 15 años o más (miles);saber escribir;;6232,7
2018;Catalunya;castellano;total;población de 15 años o más (miles);conocimiento en todas las habilidades;;6225,6
2018;Catalunya;castellano;total;proporción sobre la población de 15 años o más (%);entender;;99,8
2018;Catalunya;castellano;total;proporción sobre la población de 15 años o más (%);saber hablar;;99,5
2018;Catalunya;castellano;total;proporción sobre la población de 15 años o más (%);saber leer;;98,5
2018;Catalunya;castellano;total;proporción sobre la población de 15 años o más (%);saber escribir;;97,6
2018;Catalunya;castellano;total;proporción sobre la población de 15 años o más (%);conocimiento en todas las habilidades;;97,5
2018;Catalunya;inglés;hombres;población de 15 años o más (miles);entender;;1490,3
2018;Catalunya;inglés;hombres;población de 15 años o más (miles);saber hablar;;1234,1
2018;Catalunya;inglés;hombres;población de 15 años o más (miles);saber leer;;1354,1
2018;Catalunya;inglés;hombres;población de 15 años o más (miles);saber escribir;;1167,9
2018;Catalunya;inglés;hombres;población de 15 años o más (miles);conocimiento en todas las habilidades;;1091,5
2018;Catalunya;inglés;hombres;proporción sobre la población de 15 años o más (%);entender;;48,2
2018;Catalunya;inglés;hombres;proporción sobre la población de 15 años o más (%);saber hablar;;39,9
2018;Catalunya;inglés;hombres;proporción sobre la población de 15 años o más (%);saber leer;;43,8
2018;Catalunya;inglés;hombres;proporción sobre la población de 15 años o más (%);saber escribir;;37,7
2018;Catalunya;inglés;hombres;proporción sobre la población de 15 años o más (%);conocimiento en todas las habilidades;;35,3
2018;Catalunya;inglés;mujeres;población de 15 años o más (miles);entender;;1435,4
2018;Catalunya;inglés;mujeres;población de 15 años o más (miles);saber hablar;;1158,8
2018;Catalunya;inglés;mujeres;población de 15 años o más (miles);saber leer;;1318,2
2018;Catalunya;inglés;mujeres;población de 15 años o más (miles);saber escribir;;1164,5
2018;Catalunya;inglés;mujeres;población de 15 años o más (miles);conocimiento en todas las habilidades;;1075,8
2018;Catalunya;inglés;mujeres;proporción sobre la población de 15 años o más (%);entender;;43,6
2018;Catalunya;inglés;mujeres;proporción sobre la población de 15 años o más (%);saber hablar;;35,2
2018;Catalunya;inglés;mujeres;proporción sobre la población de 15 años o más (%);saber leer;;40,0
2018;Catalunya;inglés;mujeres;proporción sobre la población de 15 años o más (%);saber escribir;;35,4
2018;Catalunya;inglés;mujeres;proporción sobre la población de 15 años o más (%);conocimiento en todas las habilidades;;32,7
2018;Catalunya;inglés;total;población de 15 años o más (miles);entender;;2925,7
2018;Catalunya;inglés;total;población de 15 años o más (miles);saber hablar;;2392,9
2018;Catalunya;inglés;total;población de 15 años o más (miles);saber leer;;2672,3
2018;Catalunya;inglés;total;población de 15 años o más (miles);saber escribir;;2332,4
2018;Catalunya;inglés;total;población de 15 años o más (miles);conocimiento en todas las habilidades;;2167,3
2018;Catalunya;inglés;total;proporción sobre la población de 15 años o más (%);entender;;45,8
2018;Catalunya;inglés;total;proporción sobre la población de 15 años o más (%);saber hablar;;37,5
2018;Catalunya;inglés;total;proporción sobre la población de 15 años o más (%);saber leer;;41,8
2018;Catalunya;inglés;total;proporción sobre la población de 15 años o más (%);saber escribir;;36,5
2018;Catalunya;inglés;total;proporción sobre la población de 15 años o más (%);conocimiento en todas las habilidades;;33,9
2018;Catalunya;francés;hombres;población de 15 años o más (miles);entender;;887,8
2018;Catalunya;francés;hombres;población de 15 años o más (miles);saber hablar;;606,5
2018;Catalunya;francés;hombres;población de 15 años o más (miles);saber leer;;716,4
2018;Catalunya;francés;hombres;población de 15 años o más (miles);saber escribir;;446,1
2018;Catalunya;francés;hombres;población de 15 años o más (miles);conocimiento en todas las habilidades;;422,4
2018;Catalunya;francés;hombres;proporción sobre la población de 15 años o más (%);entender;;28,7
2018;Catalunya;francés;hombres;proporción sobre la población de 15 años o más (%);saber hablar;;19,6
2018;Catalunya;francés;hombres;proporción sobre la población de 15 años o más (%);saber leer;;23,1
2018;Catalunya;francés;hombres;proporción sobre la población de 15 años o más (%);saber escribir;;14,4
2018;Catalunya;francés;hombres;proporción sobre la población de 15 años o más (%);conocimiento en todas las habilidades;;13,6
2018;Catalunya;francés;mujeres;población de 15 años o más (miles);entender;;922,8
2018;Catalunya;francés;mujeres;población de 15 años o más (miles);saber hablar;;606,4
2018;Catalunya;francés;mujeres;población de 15 años o más (miles);saber leer;;734,3
2018;Catalunya;francés;mujeres;población de 15 años o más (miles);saber escribir;;482,7
2018;Catalunya;francés;mujeres;población de 15 años o más (miles);conocimiento en todas las habilidades;;455,4
2018;Catalunya;francés;mujeres;proporción sobre la población de 15 años o más (%);entender;;28,0
2018;Catalunya;francés;mujeres;proporción sobre la población de 15 años o más (%);saber hablar;;18,4
2018;Catalunya;francés;mujeres;proporción sobre la población de 15 años o más (%);saber leer;;22,3
2018;Catalunya;francés;mujeres;proporción sobre la población de 15 años o más (%);saber escribir;;14,7
2018;Catalunya;francés;mujeres;proporción sobre la población de 15 años o más (%);conocimiento en todas las habilidades;;13,8
2018;Catalunya;francés;total;población de 15 años o más (miles);entender;;1810,6
2018;Catalunya;francés;total;población de 15 años o más (miles);saber hablar;;1212,9
2018;Catalunya;francés;total;población de 15 años o más (miles);saber leer;;1450,6
2018;Catalunya;francés;total;población de 15 años o más (miles);saber escribir;;928,8
2018;Catalunya;francés;total;población de 15 años o más (miles);conocimiento en todas las habilidades;;877,8
2018;Catalunya;francés;total;proporción sobre la población de 15 años o más (%);entender;;28,3
2018;Catalunya;francés;total;proporción sobre la población de 15 años o más (%);saber hablar;;19,0
2018;Catalunya;francés;total;proporción sobre la población de 15 años o más (%);saber leer;;22,7
2018;Catalunya;francés;total;proporción sobre la población de 15 años o más (%);saber escribir;;14,5
2018;Catalunya;francés;total;proporción sobre la población de 15 años o más (%);conocimiento en todas las habilidades;;13,7
