año;Cataluña;edad;lengua;concepto;estado;valor
2023;Catalunya;de 15 a 29 años;catalán;población de 15 años o más (miles);;406,0
2023;Catalunya;de 15 a 29 años;castellano;población de 15 años o más (miles);;584,0
2023;Catalunya;de 15 a 29 años;catalán y castellano;población de 15 años o más (miles);;93,2
2023;Catalunya;de 15 a 29 años;aranés;población de 15 años o más (miles);..;null
2023;Catalunya;de 15 a 29 años;catalán y otra lengua (o lenguas);población de 15 años o más (miles);..;null
2023;Catalunya;de 15 a 29 años;castellano y otra lengua (o lenguas);población de 15 años o más (miles);;33,9
2023;Catalunya;de 15 a 29 años;catalán, castellano  y otra lengua (o lenguas);población de 15 años o más (miles);..;null
2023;Catalunya;de 15 a 29 años;árabe;población de 15 años o más (miles);;38,3
2023;Catalunya;de 15 a 29 años;otras lenguas;población de 15 años o más (miles);;122,9
2023;Catalunya;de 15 a 29 años;otras combinaciones de lenguas;población de 15 años o más (miles);..;null
2023;Catalunya;de 15 a 29 años;No consta;población de 15 años o más (miles);..;null
2023;Catalunya;de 15 a 29 años;total;población de 15 años o más (miles);;1313,4
2023;Catalunya;de 30 a 44 años;catalán;población de 15 años o más (miles);;372,0
2023;Catalunya;de 30 a 44 años;castellano;población de 15 años o más (miles);;775,4
2023;Catalunya;de 30 a 44 años;catalán y castellano;población de 15 años o más (miles);;87,5
2023;Catalunya;de 30 a 44 años;aranés;población de 15 años o más (miles);..;null
2023;Catalunya;de 30 a 44 años;catalán y otra lengua (o lenguas);población de 15 años o más (miles);..;null
2023;Catalunya;de 30 a 44 años;castellano y otra lengua (o lenguas);población de 15 años o más (miles);;33,3
2023;Catalunya;de 30 a 44 años;catalán, castellano  y otra lengua (o lenguas);población de 15 años o más (miles);..;null
2023;Catalunya;de 30 a 44 años;árabe;población de 15 años o más (miles);;73,8
2023;Catalunya;de 30 a 44 años;otras lenguas;población de 15 años o más (miles);;225,3
2023;Catalunya;de 30 a 44 años;otras combinaciones de lenguas;población de 15 años o más (miles);..;null
2023;Catalunya;de 30 a 44 años;No consta;población de 15 años o más (miles);;26,4
2023;Catalunya;de 30 a 44 años;total;población de 15 años o más (miles);;1621,7
2023;Catalunya;de 45 a 64 años;catalán;población de 15 años o más (miles);;660,4
2023;Catalunya;de 45 a 64 años;castellano;población de 15 años o más (miles);;1188,2
2023;Catalunya;de 45 a 64 años;catalán y castellano;población de 15 años o más (miles);;129,7
2023;Catalunya;de 45 a 64 años;aranés;población de 15 años o más (miles);;0,5
2023;Catalunya;de 45 a 64 años;catalán y otra lengua (o lenguas);población de 15 años o más (miles);..;null
2023;Catalunya;de 45 a 64 años;castellano y otra lengua (o lenguas);población de 15 años o más (miles);;29,8
2023;Catalunya;de 45 a 64 años;catalán, castellano  y otra lengua (o lenguas);población de 15 años o más (miles);..;null
2023;Catalunya;de 45 a 64 años;árabe;población de 15 años o más (miles);;59,2
2023;Catalunya;de 45 a 64 años;otras lenguas;población de 15 años o más (miles);;200,1
2023;Catalunya;de 45 a 64 años;otras combinaciones de lenguas;población de 15 años o más (miles);..;null
2023;Catalunya;de 45 a 64 años;No consta;población de 15 años o más (miles);;30,9
2023;Catalunya;de 45 a 64 años;total;población de 15 años o más (miles);;2320,8
2023;Catalunya;65 años o más;catalán;población de 15 años o más (miles);;528,9
2023;Catalunya;65 años o más;castellano;población de 15 años o más (miles);;787,7
2023;Catalunya;65 años o más;catalán y castellano;población de 15 años o más (miles);;68,4
2023;Catalunya;65 años o más;aranés;población de 15 años o más (miles);;0,5
2023;Catalunya;65 años o más;catalán y otra lengua (o lenguas);población de 15 años o más (miles);..;null
2023;Catalunya;65 años o más;castellano y otra lengua (o lenguas);población de 15 años o más (miles);;22,0
2023;Catalunya;65 años o más;catalán, castellano  y otra lengua (o lenguas);población de 15 años o más (miles);..;null
2023;Catalunya;65 años o más;árabe;población de 15 años o más (miles);..;null
2023;Catalunya;65 años o más;otras lenguas;población de 15 años o más (miles);;72,1
2023;Catalunya;65 años o más;otras combinaciones de lenguas;población de 15 años o más (miles);..;null
2023;Catalunya;65 años o más;No consta;población de 15 años o más (miles);;26,8
2023;Catalunya;65 años o más;total;población de 15 años o más (miles);;1529,2
2023;Catalunya;total;catalán;población de 15 años o más (miles);;1967,3
2023;Catalunya;total;castellano;población de 15 años o más (miles);;3335,4
2023;Catalunya;total;catalán y castellano;población de 15 años o más (miles);;378,7
2023;Catalunya;total;aranés;población de 15 años o más (miles);;1,6
2023;Catalunya;total;catalán y otra lengua (o lenguas);población de 15 años o más (miles);;32,7
2023;Catalunya;total;castellano y otra lengua (o lenguas);población de 15 años o más (miles);;119,1
2023;Catalunya;total;catalán, castellano  y otra lengua (o lenguas);población de 15 años o más (miles);..;null
2023;Catalunya;total;árabe;población de 15 años o más (miles);;179,6
2023;Catalunya;total;otras lenguas;población de 15 años o más (miles);;620,4
2023;Catalunya;total;otras combinaciones de lenguas;población de 15 años o más (miles);;43,5
2023;Catalunya;total;No consta;población de 15 años o más (miles);;96,9
2023;Catalunya;total;total;población de 15 años o más (miles);;6785,1
