año;Cataluña;lengua;edad;concepto;habilidades lingüísticas;estado;valor
2008;Catalunya;catalán;de 15 a 19 años;población de 15 años o más (miles);entender;;385,4
2008;Catalunya;catalán;de 15 a 19 años;población de 15 años o más (miles);saber hablar;;366,6
2008;Catalunya;catalán;de 15 a 19 años;población de 15 años o más (miles);saber leer;;371,9
2008;Catalunya;catalán;de 15 a 19 años;población de 15 años o más (miles);saber escribir;;361,5
2008;Catalunya;catalán;de 15 a 19 años;población de 15 años o más (miles);conocimiento en todas las habilidades;;355,9
2008;Catalunya;catalán;de 15 a 19 años;proporción sobre la población de 15 años o más (%);entender;;97,9
2008;Catalunya;catalán;de 15 a 19 años;proporción sobre la población de 15 años o más (%);saber hablar;;93,1
2008;Catalunya;catalán;de 15 a 19 años;proporción sobre la población de 15 años o más (%);saber leer;;94,5
2008;Catalunya;catalán;de 15 a 19 años;proporción sobre la población de 15 años o más (%);saber escribir;;91,8
2008;Catalunya;catalán;de 15 a 19 años;proporción sobre la población de 15 años o más (%);conocimiento en todas las habilidades;;90,4
2008;Catalunya;catalán;de 20 a 24 años;población de 15 años o más (miles);entender;;412,2
2008;Catalunya;catalán;de 20 a 24 años;población de 15 años o más (miles);saber hablar;;358,3
2008;Catalunya;catalán;de 20 a 24 años;población de 15 años o más (miles);saber leer;;368,3
2008;Catalunya;catalán;de 20 a 24 años;población de 15 años o más (miles);saber escribir;;340,7
2008;Catalunya;catalán;de 20 a 24 años;población de 15 años o más (miles);conocimiento en todas las habilidades;;339,1
2008;Catalunya;catalán;de 20 a 24 años;proporción sobre la población de 15 años o más (%);entender;;95,1
2008;Catalunya;catalán;de 20 a 24 años;proporción sobre la población de 15 años o más (%);saber hablar;;82,6
2008;Catalunya;catalán;de 20 a 24 años;proporción sobre la población de 15 años o más (%);saber leer;;84,9
2008;Catalunya;catalán;de 20 a 24 años;proporción sobre la población de 15 años o más (%);saber escribir;;78,6
2008;Catalunya;catalán;de 20 a 24 años;proporción sobre la población de 15 años o más (%);conocimiento en todas las habilidades;;78,2
2008;Catalunya;catalán;de 25 a 29 años;población de 15 años o más (miles);entender;;478,4
2008;Catalunya;catalán;de 25 a 29 años;población de 15 años o más (miles);saber hablar;;418,9
2008;Catalunya;catalán;de 25 a 29 años;población de 15 años o más (miles);saber leer;;426,1
2008;Catalunya;catalán;de 25 a 29 años;población de 15 años o más (miles);saber escribir;;381,5
2008;Catalunya;catalán;de 25 a 29 años;población de 15 años o más (miles);conocimiento en todas las habilidades;;379,1
2008;Catalunya;catalán;de 25 a 29 años;proporción sobre la población de 15 años o más (%);entender;;92,0
2008;Catalunya;catalán;de 25 a 29 años;proporción sobre la población de 15 años o más (%);saber hablar;;80,6
2008;Catalunya;catalán;de 25 a 29 años;proporción sobre la población de 15 años o más (%);saber leer;;82,0
2008;Catalunya;catalán;de 25 a 29 años;proporción sobre la población de 15 años o más (%);saber escribir;;73,4
2008;Catalunya;catalán;de 25 a 29 años;proporción sobre la población de 15 años o más (%);conocimiento en todas las habilidades;;72,9
2008;Catalunya;catalán;de 30 a 34 años;población de 15 años o más (miles);entender;;550,1
2008;Catalunya;catalán;de 30 a 34 años;población de 15 años o más (miles);saber hablar;;462,9
2008;Catalunya;catalán;de 30 a 34 años;población de 15 años o más (miles);saber leer;;483,2
2008;Catalunya;catalán;de 30 a 34 años;población de 15 años o más (miles);saber escribir;;418,7
2008;Catalunya;catalán;de 30 a 34 años;población de 15 años o más (miles);conocimiento en todas las habilidades;;412,6
2008;Catalunya;catalán;de 30 a 34 años;proporción sobre la población de 15 años o más (%);entender;;93,9
2008;Catalunya;catalán;de 30 a 34 años;proporción sobre la población de 15 años o más (%);saber hablar;;79,0
2008;Catalunya;catalán;de 30 a 34 años;proporción sobre la población de 15 años o más (%);saber leer;;82,5
2008;Catalunya;catalán;de 30 a 34 años;proporción sobre la población de 15 años o más (%);saber escribir;;71,5
2008;Catalunya;catalán;de 30 a 34 años;proporción sobre la población de 15 años o más (%);conocimiento en todas las habilidades;;70,5
2008;Catalunya;catalán;de 35 a 39 años;población de 15 años o más (miles);entender;;644,7
2008;Catalunya;catalán;de 35 a 39 años;población de 15 años o más (miles);saber hablar;;525,0
2008;Catalunya;catalán;de 35 a 39 años;población de 15 años o más (miles);saber leer;;570,4
2008;Catalunya;catalán;de 35 a 39 años;población de 15 años o más (miles);saber escribir;;479,3
2008;Catalunya;catalán;de 35 a 39 años;población de 15 años o más (miles);conocimiento en todas las habilidades;;476,5
2008;Catalunya;catalán;de 35 a 39 años;proporción sobre la población de 15 años o más (%);entender;;94,7
2008;Catalunya;catalán;de 35 a 39 años;proporción sobre la población de 15 años o más (%);saber hablar;;77,1
2008;Catalunya;catalán;de 35 a 39 años;proporción sobre la población de 15 años o más (%);saber leer;;83,8
2008;Catalunya;catalán;de 35 a 39 años;proporción sobre la población de 15 años o más (%);saber escribir;;70,4
2008;Catalunya;catalán;de 35 a 39 años;proporción sobre la población de 15 años o más (%);conocimiento en todas las habilidades;;70,0
2008;Catalunya;catalán;de 40 a 44 años;población de 15 años o más (miles);entender;;588,9
2008;Catalunya;catalán;de 40 a 44 años;población de 15 años o más (miles);saber hablar;;491,8
2008;Catalunya;catalán;de 40 a 44 años;población de 15 años o más (miles);saber leer;;519,0
2008;Catalunya;catalán;de 40 a 44 años;población de 15 años o más (miles);saber escribir;;408,7
2008;Catalunya;catalán;de 40 a 44 años;población de 15 años o más (miles);conocimiento en todas las habilidades;;399,8
2008;Catalunya;catalán;de 40 a 44 años;proporción sobre la población de 15 años o más (%);entender;;94,1
2008;Catalunya;catalán;de 40 a 44 años;proporción sobre la población de 15 años o más (%);saber hablar;;78,6
2008;Catalunya;catalán;de 40 a 44 años;proporción sobre la población de 15 años o más (%);saber leer;;82,9
2008;Catalunya;catalán;de 40 a 44 años;proporción sobre la población de 15 años o más (%);saber escribir;;65,3
2008;Catalunya;catalán;de 40 a 44 años;proporción sobre la población de 15 años o más (%);conocimiento en todas las habilidades;;63,9
2008;Catalunya;catalán;de 45 a 49 años;población de 15 años o más (miles);entender;;485,8
2008;Catalunya;catalán;de 45 a 49 años;población de 15 años o más (miles);saber hablar;;392,2
2008;Catalunya;catalán;de 45 a 49 años;población de 15 años o más (miles);saber leer;;424,8
2008;Catalunya;catalán;de 45 a 49 años;población de 15 años o más (miles);saber escribir;;300,6
2008;Catalunya;catalán;de 45 a 49 años;población de 15 años o más (miles);conocimiento en todas las habilidades;;297,2
2008;Catalunya;catalán;de 45 a 49 años;proporción sobre la población de 15 años o más (%);entender;;95,4
2008;Catalunya;catalán;de 45 a 49 años;proporción sobre la población de 15 años o más (%);saber hablar;;77,0
2008;Catalunya;catalán;de 45 a 49 años;proporción sobre la población de 15 años o más (%);saber leer;;83,4
2008;Catalunya;catalán;de 45 a 49 años;proporción sobre la población de 15 años o más (%);saber escribir;;59,0
2008;Catalunya;catalán;de 45 a 49 años;proporción sobre la población de 15 años o más (%);conocimiento en todas las habilidades;;58,4
2008;Catalunya;catalán;de 50 a 54 años;población de 15 años o más (miles);entender;;440,9
2008;Catalunya;catalán;de 50 a 54 años;población de 15 años o más (miles);saber hablar;;353,0
2008;Catalunya;catalán;de 50 a 54 años;población de 15 años o más (miles);saber leer;;370,5
2008;Catalunya;catalán;de 50 a 54 años;población de 15 años o más (miles);saber escribir;;237,0
2008;Catalunya;catalán;de 50 a 54 años;población de 15 años o más (miles);conocimiento en todas las habilidades;;235,8
2008;Catalunya;catalán;de 50 a 54 años;proporción sobre la población de 15 años o más (%);entender;;96,0
2008;Catalunya;catalán;de 50 a 54 años;proporción sobre la población de 15 años o más (%);saber hablar;;76,9
2008;Catalunya;catalán;de 50 a 54 años;proporción sobre la población de 15 años o más (%);saber leer;;80,7
2008;Catalunya;catalán;de 50 a 54 años;proporción sobre la población de 15 años o más (%);saber escribir;;51,6
2008;Catalunya;catalán;de 50 a 54 años;proporción sobre la población de 15 años o más (%);conocimiento en todas las habilidades;;51,4
2008;Catalunya;catalán;de 55 a 59 años;población de 15 años o más (miles);entender;;372,7
2008;Catalunya;catalán;de 55 a 59 años;población de 15 años o más (miles);saber hablar;;297,8
2008;Catalunya;catalán;de 55 a 59 años;población de 15 años o más (miles);saber leer;;312,4
2008;Catalunya;catalán;de 55 a 59 años;población de 15 años o más (miles);saber escribir;;186,7
2008;Catalunya;catalán;de 55 a 59 años;población de 15 años o más (miles);conocimiento en todas las habilidades;;184,6
2008;Catalunya;catalán;de 55 a 59 años;proporción sobre la población de 15 años o más (%);entender;;98,0
2008;Catalunya;catalán;de 55 a 59 años;proporción sobre la población de 15 años o más (%);saber hablar;;78,3
2008;Catalunya;catalán;de 55 a 59 años;proporción sobre la población de 15 años o más (%);saber leer;;82,2
2008;Catalunya;catalán;de 55 a 59 años;proporción sobre la población de 15 años o más (%);saber escribir;;49,1
2008;Catalunya;catalán;de 55 a 59 años;proporción sobre la población de 15 años o más (%);conocimiento en todas las habilidades;;48,6
2008;Catalunya;catalán;de 60 a 64 años;población de 15 años o más (miles);entender;;379,9
2008;Catalunya;catalán;de 60 a 64 años;población de 15 años o más (miles);saber hablar;;307,8
2008;Catalunya;catalán;de 60 a 64 años;población de 15 años o más (miles);saber leer;;322,1
2008;Catalunya;catalán;de 60 a 64 años;población de 15 años o más (miles);saber escribir;;189,5
2008;Catalunya;catalán;de 60 a 64 años;población de 15 años o más (miles);conocimiento en todas las habilidades;;186,7
2008;Catalunya;catalán;de 60 a 64 años;proporción sobre la población de 15 años o más (%);entender;;95,0
2008;Catalunya;catalán;de 60 a 64 años;proporción sobre la población de 15 años o más (%);saber hablar;;76,9
2008;Catalunya;catalán;de 60 a 64 años;proporción sobre la población de 15 años o más (%);saber leer;;80,5
2008;Catalunya;catalán;de 60 a 64 años;proporción sobre la población de 15 años o más (%);saber escribir;;47,4
2008;Catalunya;catalán;de 60 a 64 años;proporción sobre la población de 15 años o más (%);conocimiento en todas las habilidades;;46,7
2008;Catalunya;catalán;65 años o más;población de 15 años o más (miles);entender;;1093,2
2008;Catalunya;catalán;65 años o más;población de 15 años o más (miles);saber hablar;;849,2
2008;Catalunya;catalán;65 años o más;población de 15 años o más (miles);saber leer;;865,7
2008;Catalunya;catalán;65 años o más;población de 15 años o más (miles);saber escribir;;503,0
2008;Catalunya;catalán;65 años o más;población de 15 años o más (miles);conocimiento en todas las habilidades;;498,7
2008;Catalunya;catalán;65 años o más;proporción sobre la población de 15 años o más (%);entender;;93,1
2008;Catalunya;catalán;65 años o más;proporción sobre la población de 15 años o más (%);saber hablar;;72,3
2008;Catalunya;catalán;65 años o más;proporción sobre la población de 15 años o más (%);saber leer;;73,7
2008;Catalunya;catalán;65 años o más;proporción sobre la población de 15 años o más (%);saber escribir;;42,8
2008;Catalunya;catalán;65 años o más;proporción sobre la población de 15 años o más (%);conocimiento en todas las habilidades;;42,5
2008;Catalunya;catalán;total;población de 15 años o más (miles);entender;;5832,2
2008;Catalunya;catalán;total;población de 15 años o más (miles);saber hablar;;4823,4
2008;Catalunya;catalán;total;población de 15 años o más (miles);saber leer;;5034,4
2008;Catalunya;catalán;total;población de 15 años o más (miles);saber escribir;;3807,3
2008;Catalunya;catalán;total;población de 15 años o más (miles);conocimiento en todas las habilidades;;3766,1
2008;Catalunya;catalán;total;proporción sobre la población de 15 años o más (%);entender;;94,6
2008;Catalunya;catalán;total;proporción sobre la población de 15 años o más (%);saber hablar;;78,3
2008;Catalunya;catalán;total;proporción sobre la población de 15 años o más (%);saber leer;;81,7
2008;Catalunya;catalán;total;proporción sobre la población de 15 años o más (%);saber escribir;;61,8
2008;Catalunya;catalán;total;proporción sobre la población de 15 años o más (%);conocimiento en todas las habilidades;;61,1
