tipo,municipio,anio,antes,despues
codigo corregido,Alfarràs,2022,430081,250138
codigo corregido,Perafort,2023,081607,431037
duplicado sumado,sense dades,2011,000000,000000
duplicado sumado,sense dades,2012,000000,000000
duplicado sumado,sense dades,2013,000000,000000
duplicado sumado,sense dades,2014,000000,000000
duplicado sumado,sense dades,2015,000000,000000
duplicado sumado,sense dades,2016,000000,000000
duplicado sumado,sense dades,2017,000000,000000
duplicado sumado,sense dades,2018,000000,000000
duplicado sumado,sense dades,2019,000000,000000
duplicado sumado,sense dades,2020,000000,000000
duplicado sumado,sense dades,2021,000000,000000
duplicado sumado,sense dades,2022,000000,000000
duplicado sumado,sense dades,2023,000000,000000
