codigo_ambito,ambito,total,nacidos_cataluna,nacidos_resto_espana,nacidos_extranjero,sin_datos_origen,origen_conocido,periodo,pct_cataluna,pct_resto_espana,pct_extranjero
AT01,Metropolità,66986,12654,12439,40370,1523,65463,2011,19.3,19.0,61.7
AT01,Metropolità,64740,11035,11645,41549,511,64229,2012,17.2,18.1,64.7
AT01,Metropolità,51175,9184,10160,31417,354,50761,2013,18.1,20.0,61.9
AT01,Metropolità,43159,7464,8816,26631,248,42911,2014,17.4,20.5,62.1
AT01,Metropolità,46312,6837,8453,30742,280,46032,2015,14.9,18.4,66.8
AT01,Metropolità,48442,6910,7931,33275,326,48116,2016,14.4,16.5,69.2
AT01,Metropolità,50428,6331,7315,36553,229,50199,2017,12.6,14.6,72.8
AT01,Metropolità,52485,6462,6791,39020,211,52273,2018,12.4,13.0,74.6
AT01,Metropolità,55885,5945,6217,43517,206,55679,2019,10.7,11.2,78.2
AT01,Metropolità,33664,3154,3563,23535,3412,30252,2020,10.4,11.8,77.8
AT01,Metropolità,46446,2606,3847,22709,17284,29162,2021,8.9,13.2,77.9
AT01,Metropolità,52837,2272,3593,31975,14997,37840,2022,6.0,9.5,84.5
AT01,Metropolità,60116,4087,5232,45792,5005,55111,2023,7.4,9.5,83.1
AT02,Comarques Gironines,11993,1595,1265,8933,200,11793,2011,13.5,10.7,75.7
AT02,Comarques Gironines,11158,1201,1099,8749,109,11049,2012,10.9,9.9,79.2
AT02,Comarques Gironines,8410,927,938,6485,60,8350,2013,11.1,11.2,77.7
AT02,Comarques Gironines,7187,810,741,5588,48,7139,2014,11.3,10.4,78.3
AT02,Comarques Gironines,6760,666,652,5408,34,6726,2015,9.9,9.7,80.4
AT02,Comarques Gironines,6984,616,641,5695,32,6952,2016,8.9,9.2,81.9
AT02,Comarques Gironines,7209,624,616,5926,43,7166,2017,8.7,8.6,82.7
AT02,Comarques Gironines,8072,606,613,6803,50,8022,2018,7.6,7.6,84.8
AT02,Comarques Gironines,10312,694,660,8913,45,10267,2019,6.8,6.4,86.8
AT02,Comarques Gironines,6716,440,429,5534,313,6403,2020,6.9,6.7,86.4
AT02,Comarques Gironines,7309,357,328,4620,2004,5305,2021,6.7,6.2,87.1
AT02,Comarques Gironines,8205,260,342,6251,1352,6853,2022,3.8,5.0,91.2
AT02,Comarques Gironines,11094,512,571,9578,433,10661,2023,4.8,5.4,89.8
AT03,Camp de Tarragona,5445,1269,1127,2914,135,5310,2011,23.9,21.2,54.9
AT03,Camp de Tarragona,5156,972,994,3115,75,5081,2012,19.1,19.6,61.3
AT03,Camp de Tarragona,4446,750,941,2720,35,4411,2013,17.0,21.3,61.7
AT03,Camp de Tarragona,3695,612,807,2252,24,3671,2014,16.7,22.0,61.3
AT03,Camp de Tarragona,3442,523,756,2138,25,3417,2015,15.3,22.1,62.6
AT03,Camp de Tarragona,3714,587,746,2359,22,3692,2016,15.9,20.2,63.9
AT03,Camp de Tarragona,3952,733,681,2522,16,3936,2017,18.6,17.3,64.1
AT03,Camp de Tarragona,4562,659,678,3197,28,4534,2018,14.5,15.0,70.5
AT03,Camp de Tarragona,5541,634,736,4136,35,5506,2019,11.5,13.4,75.1
AT03,Camp de Tarragona,3342,317,425,2321,279,3063,2020,10.3,13.9,75.8
AT03,Camp de Tarragona,4001,307,391,2058,1245,2756,2021,11.1,14.2,74.7
AT03,Camp de Tarragona,4582,259,395,3342,586,3996,2022,6.5,9.9,83.6
AT03,Camp de Tarragona,6383,488,638,4999,258,6125,2023,8.0,10.4,81.6
AT04,Terres de l'Ebre,2028,390,122,1503,13,2015,2011,19.4,6.1,74.6
AT04,Terres de l'Ebre,2024,308,106,1608,2,2022,2012,15.2,5.2,79.5
AT04,Terres de l'Ebre,1600,187,97,1313,3,1597,2013,11.7,6.1,82.2
AT04,Terres de l'Ebre,997,106,55,836,0,997,2014,10.6,5.5,83.9
AT04,Terres de l'Ebre,1111,128,74,905,4,1107,2015,11.6,6.7,81.8
AT04,Terres de l'Ebre,1214,162,90,961,1,1213,2016,13.4,7.4,79.2
AT04,Terres de l'Ebre,1152,216,93,838,5,1147,2017,18.8,8.1,73.1
AT04,Terres de l'Ebre,1080,136,53,890,1,1079,2018,12.6,4.9,82.5
AT04,Terres de l'Ebre,1708,161,62,1436,49,1659,2019,9.7,3.7,86.6
AT04,Terres de l'Ebre,905,63,41,701,100,805,2020,7.8,5.1,87.1
AT04,Terres de l'Ebre,1107,81,62,694,270,837,2021,9.7,7.4,82.9
AT04,Terres de l'Ebre,1340,74,37,1139,90,1250,2022,5.9,3.0,91.1
AT04,Terres de l'Ebre,1866,120,59,1636,51,1815,2023,6.6,3.3,90.1
AT05,Ponent,3520,588,305,2581,46,3474,2011,16.9,8.8,74.3
AT05,Ponent,2958,402,304,2203,49,2909,2012,13.8,10.5,75.7
AT05,Ponent,1761,358,245,1140,18,1743,2013,20.5,14.1,65.4
AT05,Ponent,1516,238,200,1068,10,1506,2014,15.8,13.3,70.9
AT05,Ponent,1708,259,199,1245,5,1703,2015,15.2,11.7,73.1
AT05,Ponent,1798,284,229,1280,5,1793,2016,15.8,12.8,71.4
AT05,Ponent,1641,280,212,1137,12,1629,2017,17.2,13.0,69.8
AT05,Ponent,1801,284,216,1296,5,1796,2018,15.8,12.0,72.2
AT05,Ponent,2475,284,173,2005,13,2462,2019,11.5,7.0,81.4
AT05,Ponent,1319,178,108,915,118,1201,2020,14.8,9.0,76.2
AT05,Ponent,1891,111,88,820,872,1019,2021,10.9,8.6,80.5
AT05,Ponent,2893,140,109,1969,675,2218,2022,6.3,4.9,88.8
AT05,Ponent,3341,260,211,2684,186,3155,2023,8.2,6.7,85.1
AT06,Comarques Centrals,5056,820,306,3825,105,4951,2011,16.6,6.2,77.3
AT06,Comarques Centrals,4104,631,278,3158,37,4067,2012,15.5,6.8,77.6
AT06,Comarques Centrals,3206,473,260,2460,13,3193,2013,14.8,8.1,77.0
AT06,Comarques Centrals,2538,377,214,1938,9,2529,2014,14.9,8.5,76.6
AT06,Comarques Centrals,2478,313,168,1988,9,2469,2015,12.7,6.8,80.5
AT06,Comarques Centrals,2755,309,178,2262,6,2749,2016,11.2,6.5,82.3
AT06,Comarques Centrals,3048,274,153,2611,10,3038,2017,9.0,5.0,85.9
AT06,Comarques Centrals,3291,215,139,2920,17,3274,2018,6.6,4.2,89.2
AT06,Comarques Centrals,4648,226,136,4253,33,4615,2019,4.9,2.9,92.2
AT06,Comarques Centrals,2376,96,70,2032,178,2198,2020,4.4,3.2,92.4
AT06,Comarques Centrals,3769,117,78,2377,1197,2572,2021,4.5,3.0,92.4
AT06,Comarques Centrals,5043,102,103,3496,1342,3701,2022,2.8,2.8,94.5
AT06,Comarques Centrals,5248,222,152,4448,426,4822,2023,4.6,3.2,92.2
AT07,Alt Pirineu i Aran,474,107,61,298,8,466,2011,23.0,13.1,63.9
AT07,Alt Pirineu i Aran,338,56,61,213,8,330,2012,17.0,18.5,64.5
AT07,Alt Pirineu i Aran,232,53,48,129,2,230,2013,23.0,20.9,56.1
AT07,Alt Pirineu i Aran,147,41,32,73,1,146,2014,28.1,21.9,50.0
AT07,Alt Pirineu i Aran,160,41,42,77,0,160,2015,25.6,26.2,48.1
AT07,Alt Pirineu i Aran,216,63,31,122,0,216,2016,29.2,14.4,56.5
AT07,Alt Pirineu i Aran,289,70,62,156,1,288,2017,24.3,21.5,54.2
AT07,Alt Pirineu i Aran,291,71,53,165,2,289,2018,24.6,18.3,57.1
AT07,Alt Pirineu i Aran,324,56,48,220,0,324,2019,17.3,14.8,67.9
AT07,Alt Pirineu i Aran,289,31,47,190,21,268,2020,11.6,17.5,70.9
AT07,Alt Pirineu i Aran,356,48,34,212,62,294,2021,16.3,11.6,72.1
AT07,Alt Pirineu i Aran,439,42,35,332,30,409,2022,10.3,8.6,81.2
AT07,Alt Pirineu i Aran,523,76,64,361,22,501,2023,15.2,12.8,72.1
AT08,Penedès,4872,1202,775,2692,203,4669,2011,25.7,16.6,57.7
AT08,Penedès,3908,957,666,2234,51,3857,2012,24.8,17.3,57.9
AT08,Penedès,3234,751,577,1892,14,3220,2013,23.3,17.9,58.8
AT08,Penedès,2838,655,474,1700,9,2829,2014,23.2,16.8,60.1
AT08,Penedès,2817,614,470,1719,14,2803,2015,21.9,16.8,61.3
AT08,Penedès,2850,659,466,1718,7,2843,2016,23.2,16.4,60.4
AT08,Penedès,2872,588,381,1900,3,2869,2017,20.5,13.3,66.2
AT08,Penedès,3250,583,417,2249,1,3249,2018,17.9,12.8,69.2
AT08,Penedès,3863,531,404,2921,7,3856,2019,13.8,10.5,75.8
AT08,Penedès,2550,302,257,1747,244,2306,2020,13.1,11.1,75.8
AT08,Penedès,3119,240,232,1723,924,2195,2021,10.9,10.6,78.5
AT08,Penedès,3479,259,259,2720,241,3238,2022,8.0,8.0,84.0
AT08,Penedès,4643,493,405,3659,86,4557,2023,10.8,8.9,80.3
AT01,Metropolità,672675,84941,96002,447085,44586,628028,2011–2023,13.5,15.3,71.2
AT02,Comarques Gironines,111409,9308,8895,88483,4723,106686,2011–2023,8.7,8.3,82.9
AT03,Camp de Tarragona,58261,8110,9315,38073,2763,55498,2011–2023,14.6,16.8,68.6
AT04,Terres de l'Ebre,18132,2132,951,14460,589,17543,2011–2023,12.2,5.4,82.4
AT05,Ponent,28622,3666,2599,20343,2014,26608,2011–2023,13.8,9.8,76.5
AT06,Comarques Centrals,47560,4175,2235,37768,3382,44178,2011–2023,9.5,5.1,85.5
AT07,Alt Pirineu i Aran,4078,755,618,2548,157,3921,2011–2023,19.3,15.8,65.0
AT08,Penedès,44295,7834,5783,28874,1804,42491,2011–2023,18.4,13.6,68.0
