año;Cataluña;sexo;lengua;concepto;estado;valor
2008;Catalunya;hombres;catalán;población de 15 años o más (miles);;1088,6
2008;Catalunya;hombres;castellano;población de 15 años o más (miles);;1399,1
2008;Catalunya;hombres;catalán y castellano;población de 15 años o más (miles);;275,0
2008;Catalunya;hombres;aranés;población de 15 años o más (miles);;1,4
2008;Catalunya;hombres;árabe;población de 15 años o más (miles);;95,7
2008;Catalunya;hombres;otras lenguas;población de 15 años o más (miles);;148,1
2008;Catalunya;hombres;otras combinaciones de lenguas;población de 15 años o más (miles);..;null
2008;Catalunya;hombres;No consta;población de 15 años o más (miles);..;null
2008;Catalunya;hombres;total;población de 15 años o más (miles);;3034,2
2008;Catalunya;mujeres;catalán;población de 15 años o más (miles);;1206,7
2008;Catalunya;mujeres;castellano;población de 15 años o más (miles);;1468,4
2008;Catalunya;mujeres;catalán y castellano;población de 15 años o más (miles);;267,8
2008;Catalunya;mujeres;aranés;población de 15 años o más (miles);;0,9
2008;Catalunya;mujeres;árabe;población de 15 años o más (miles);;53,5
2008;Catalunya;mujeres;otras lenguas;población de 15 años o más (miles);;114,1
2008;Catalunya;mujeres;otras combinaciones de lenguas;población de 15 años o más (miles);..;null
2008;Catalunya;mujeres;No consta;población de 15 años o más (miles);..;null
2008;Catalunya;mujeres;total;población de 15 años o más (miles);;3128,4
2008;Catalunya;total;catalán;población de 15 años o más (miles);;2295,3
2008;Catalunya;total;castellano;población de 15 años o más (miles);;2867,5
2008;Catalunya;total;catalán y castellano;población de 15 años o más (miles);;542,8
2008;Catalunya;total;aranés;población de 15 años o más (miles);;2,3
2008;Catalunya;total;árabe;población de 15 años o más (miles);;149,2
2008;Catalunya;total;otras lenguas;población de 15 años o más (miles);;262,2
2008;Catalunya;total;otras combinaciones de lenguas;población de 15 años o más (miles);;42,6
2008;Catalunya;total;No consta;población de 15 años o más (miles);..;null
2008;Catalunya;total;total;población de 15 años o más (miles);;6162,5
2013;Catalunya;hombres;catalán;población de 15 años o más (miles);;1119,3
2013;Catalunya;hombres;castellano;población de 15 años o más (miles);;1391,1
2013;Catalunya;hombres;catalán y castellano;población de 15 años o más (miles);;215,3
2013;Catalunya;hombres;aranés;población de 15 años o más (miles);;0,8
2013;Catalunya;hombres;árabe;población de 15 años o más (miles);;80,1
2013;Catalunya;hombres;otras lenguas;población de 15 años o más (miles);;199,1
2013;Catalunya;hombres;otras combinaciones de lenguas;población de 15 años o más (miles);;18,2
2013;Catalunya;hombres;No consta;población de 15 años o más (miles);;20,8
2013;Catalunya;hombres;total;población de 15 años o más (miles);;3044,9
2013;Catalunya;mujeres;catalán;población de 15 años o más (miles);;1155,8
2013;Catalunya;mujeres;castellano;población de 15 años o más (miles);;1582,5
2013;Catalunya;mujeres;catalán y castellano;población de 15 años o más (miles);;222,3
2013;Catalunya;mujeres;aranés;población de 15 años o más (miles);;1,5
2013;Catalunya;mujeres;árabe;población de 15 años o más (miles);;52,1
2013;Catalunya;mujeres;otras lenguas;población de 15 años o más (miles);;169,7
2013;Catalunya;mujeres;otras combinaciones de lenguas;población de 15 años o más (miles);;15,8
2013;Catalunya;mujeres;No consta;población de 15 años o más (miles);..;null
2013;Catalunya;mujeres;total;población de 15 años o más (miles);;3208,9
2013;Catalunya;total;catalán;población de 15 años o más (miles);;2275,1
2013;Catalunya;total;castellano;población de 15 años o más (miles);;2973,6
2013;Catalunya;total;catalán y castellano;población de 15 años o más (miles);;437,6
2013;Catalunya;total;aranés;población de 15 años o más (miles);;2,3
2013;Catalunya;total;árabe;población de 15 años o más (miles);;132,2
2013;Catalunya;total;otras lenguas;población de 15 años o más (miles);;368,9
2013;Catalunya;total;otras combinaciones de lenguas;población de 15 años o más (miles);;34,1
2013;Catalunya;total;No consta;población de 15 años o más (miles);;30,0
2013;Catalunya;total;total;población de 15 años o más (miles);;6253,8
2018;Catalunya;hombres;catalán;población de 15 años o más (miles);;1123,8
2018;Catalunya;hombres;castellano;población de 15 años o más (miles);;1447,2
2018;Catalunya;hombres;catalán y castellano;población de 15 años o más (miles);;193,9
2018;Catalunya;hombres;aranés;población de 15 años o más (miles);;1,2
2018;Catalunya;hombres;árabe;población de 15 años o más (miles);;60,8
2018;Catalunya;hombres;otras lenguas;población de 15 años o más (miles);;197,2
2018;Catalunya;hombres;otras combinaciones de lenguas;población de 15 años o más (miles);;52,5
2018;Catalunya;hombres;No consta;población de 15 años o más (miles);;18,3
2018;Catalunya;hombres;total;población de 15 años o más (miles);;3094,9
2018;Catalunya;mujeres;catalán;población de 15 años o más (miles);;1196,8
2018;Catalunya;mujeres;castellano;población de 15 años o más (miles);;1531,7
2018;Catalunya;mujeres;catalán y castellano;población de 15 años o más (miles);;246,7
2018;Catalunya;mujeres;aranés;población de 15 años o más (miles);;0,9
2018;Catalunya;mujeres;árabe;población de 15 años o más (miles);;53,2
2018;Catalunya;mujeres;otras lenguas;población de 15 años o más (miles);;207,3
2018;Catalunya;mujeres;otras combinaciones de lenguas;población de 15 años o más (miles);;43,4
2018;Catalunya;mujeres;No consta;población de 15 años o más (miles);..;null
2018;Catalunya;mujeres;total;población de 15 años o más (miles);;3291,7
2018;Catalunya;total;catalán;población de 15 años o más (miles);;2320,6
2018;Catalunya;total;castellano;población de 15 años o más (miles);;2978,9
2018;Catalunya;total;catalán y castellano;población de 15 años o más (miles);;440,6
2018;Catalunya;total;aranés;población de 15 años o más (miles);;2,1
2018;Catalunya;total;árabe;población de 15 años o más (miles);;114,0
2018;Catalunya;total;otras lenguas;población de 15 años o más (miles);;404,5
2018;Catalunya;total;otras combinaciones de lenguas;población de 15 años o más (miles);;95,8
2018;Catalunya;total;No consta;población de 15 años o más (miles);;30,0
2018;Catalunya;total;total;población de 15 años o más (miles);;6386,6
