"Municipi origen inscrits","Codi municipi","Any","Inscripcions Totals","Inscripcions segons nivell. Inicials i B1","Inscripcions segons nivell. B2, B3 i elementals","Inscripcions segons nivell. Intermedis i suficiència","Inscripcions segons origen. Nascuts a Catalunya","Inscripcions segons origen. Nascuts a la resta d'Espanya","Inscripcions segons origen. Nascuts a l'estranger","Inscripcions segons origen. Sense dades","Inscripcions segons origen 2 (resta del món). Nascuts a UE","Inscripcions segons origen 2 (resta del món). Nascuts a resta d'Europa","Inscripcions segons origen 2 (resta del món). Nascuts a Nord d'Àfrica","Inscripcions segons origen 2 (resta del món). Nascuts a la resta d'Àfrica","Inscripcions segons origen 2 (resta del món). Nascuts a Amèrica del sud i central","Inscripcions segons origen 2 (resta del món). Nascuts a Àsia","Inscripcions segons origen 2 (resta del món). Nascuts a resta del món"
"Abrera","080018","2011","161","50","75","36","36","29","92","4","8","7","38","3","34","2",
"Abrera","080018","2012","191","76","74","41","54","38","99",,"8","1","44","1","45",,
"Abrera","080018","2013","90","22","44","24","20","30","40",,"3","3","16","1","16","1",
"Abrera","080018","2014","85","25","50","10","10","38","37",,"5","2","7","3","18","2",
"Abrera","080018","2015","93","6","69","18","19","40","34",,"4","1","13","3","12","1",
"Abrera","080018","2016","88","20","31","37","17","25","45","1","1","3","12","5","24",,
"Abrera","080018","2017","93","21","24","48","19","23","49","2","1","5","6","2","33","2",
"Abrera","080018","2018","116","27","35","54","28","24","63","1","5","2","12",,"43","1",
"Abrera","080018","2019","131","26","62","43","32","11","88",,"4","1","16","1","62","4",
"Abrera","080018","2020","95","35","37","23","18","14","61","2",,"2","10","2","43","4",
"Abrera","080018","2021","63","16","30","17","7","10","36","10","3",,"2","3","28",,
"Abrera","080018","2022","112","71","21","20","5","5","102","7","1","1","41","3","48","1",
"Abrera","080018","2023","108","44","43","21","11","5","92","1","6","1","11",,"73",,
"Alfara de Carles","430081","2011","0",,,,,,"0",,,,,,,,
"Alfara de Carles","430081","2012","0",,,,,,"0",,,,,,,,
"Alfara de Carles","430081","2013","0",,,,,,"0",,,,,,,,
"Alfara de Carles","430081","2014","0",,,,,,"0",,,,,,,,
"Alfara de Carles","430081","2015","1","1",,,,"1","0",,,,,,,,
"Alfara de Carles","430081","2016","0",,,,,,"0",,,,,,,,
"Alfara de Carles","430081","2017","3","2","1",,,"2","1",,,,,,"1",,
"Alfara de Carles","430081","2018","1","1",,,,,"1",,,,,,"1",,
"Alfara de Carles","430081","2019","0",,,,,,"0",,,,,,,,
"Alfara de Carles","430081","2020","1",,,"1",,"1","0",,,,,,,,
"Alfara de Carles","430081","2021","0",,,,,,"0",,,,,,,,
"Alfarràs","250138","2011","8",,,"8","3","5","0",,,,,,,,
"Alfarràs","250138","2012","4","1","1","2","2","1","1",,,,,,"1",,
"Alfarràs","250138","2013","6","1","4","1","1","2","3",,,,,"1","2",,
"Alfarràs","250138","2014","1",,,"1",,"1","0",,,,,,,,
"Alfarràs","250138","2015","3","1","1","1","2",,"1",,,,,,"1",,
"Alfarràs","250138","2016","2",,"2",,"1",,"1",,,,,,"1",,
"Alfarràs","250138","2017","1",,"1",,"1",,"0",,,,,,,,
"Alfarràs","250138","2018","0",,,,,,"0",,,,,,,,
"Alfarràs","250138","2019","41","33","8",,"2","6","30","3","4",,"10","14",,"2",
"Alfarràs","250138","2020","3",,"3",,,,"3",,"2",,"1",,,,
"Alfarràs","250138","2021","167","133","8","26",,,"18","149",,,"6","5","5","2",
"Alfarràs","430081","2022","422","200","149","73","2","4","416","352","1","5","20","10","27","1",
"Alfarràs","250138","2023","92","18","46","28","2","3","87","59",,"4","10","3","10","1",
"Avinyó","080121","2011","7",,"3","4","1",,"6",,,,"2",,"4",,
"Avinyó","080121","2012","1",,,"1",,,"1",,,,,,"1",,
"Avinyó","080121","2013","0",,,,,,"0",,,,,,,,
"Avinyó","080121","2014","0",,,,,,"0",,,,,,,,
"Avinyó","080121","2015","0",,,,,,"0",,,,,,,,
"Avinyó","080121","2016","2",,,"2","1",,"1",,,,,,"1",,
"Avinyó","080121","2017","30","1","24","5","5",,"25",,"2",,"17",,"2","4",
"Avinyó","080121","2018","4","2",,"2","2",,"2",,,,"1",,,"1",
"Avinyó","080121","2019","0",,,,,,"0",,,,,,,,
"Avinyó","080121","2020","0",,,,,,"0",,,,,,,,
"Avinyó","080121","2021","231","181","25","25","3","1","37","190",,,"15",,"16","6",
"Avinyó","080121","2022","545","240","220","85",,"1","544","470",,"5","20","5","41","3",
"Avinyó","080121","2023","147","17","90","40","1",,"146","120",,"3","5","2","16",,
"Badalona","080155","2011","3,155","1,157","1,092","906","774","540","1,798","43","91","95","177","51","916","466","2"
"Badalona","080155","2012","2,981","1,196","926","859","659","483","1,824","15","91","92","174","69","831","567",
"Badalona","080155","2013","2,386","918","807","661","566","450","1,359","11","58","88","156","71","567","418","1"
"Badalona","080155","2014","1,881","717","640","524","493","351","1,037",,"51","39","139","43","488","273","4"
"Badalona","080155","2015","1,878","794","611","473","389","325","1,159","5","45","57","164","55","525","306","7"
"Badalona","080155","2016","1,931","981","520","430","384","296","1,241","10","51","69","171","38","552","357","3"
"Badalona","080155","2017","2,043","919","745","379","312","286","1,439","6","54","65","161","73","733","348","5"
"Badalona","080155","2018","2,351","1,058","834","459","324","296","1,730","1","56","85","235","44","873","432","5"
"Badalona","080155","2019","2,748","1,308","1,003","437","321","225","2,198","4","69","114","331","67","1,107","500","10"
"Badalona","080155","2020","1,409","609","506","294","156","121","1,014","118","43","52","134","35","606","142","2"
"Badalona","080155","2021","1,582","710","551","321","140","97","829","516","26","35","100","20","522","120","6"
"Badalona","080155","2022","1,727","1,011","500","216","105","92","1,530","153","30","77","138","35","916","179","2"
"Badalona","080155","2023","2,456","1,163","948","345","230","162","2,064","78","66","49","116","54","1,469","227","5"
"Barcelona","080193","2011","31,024","12,426","10,696","7,902","4,099","5,514","20,716","695","3,320","750","786","667","12,900","2,043","250"
"Barcelona","080193","2012","30,266","13,846","9,772","6,648","3,619","5,078","21,383","186","3,019","810","959","655","12,188","3,528","224"
"Barcelona","080193","2013","22,335","10,241","7,202","4,892","2,744","4,154","15,170","207","2,217","813","676","541","8,129","2,626","168"
"Barcelona","080193","2014","19,921","9,428","6,301","4,192","2,209","3,799","13,758","155","2,140","685","653","448","7,301","2,326","205"
"Barcelona","080193","2015","23,339","11,700","7,474","4,165","2,023","3,849","17,300","167","2,557","854","757","461","9,618","2,797","256"
"Barcelona","080193","2016","24,090","12,195","7,857","4,038","1,953","3,664","18,284","189","2,559","946","729","406","10,629","2,795","220"
"Barcelona","080193","2017","25,495","13,327","8,340","3,828","1,737","3,459","20,160","139","2,472","1,083","776","426","12,148","3,021","234"
"Barcelona","080193","2018","24,749","11,989","8,933","3,827","1,729","2,996","19,904","120","2,058","913","812","322","12,566","3,031","202"
"Barcelona","080193","2019","25,323","12,423","8,792","4,108","1,668","2,832","20,697","126","1,743","817","1,022","319","13,645","2,973","178"
"Barcelona","080193","2020","14,886","7,705","4,595","2,586","812","1,525","10,465","2,084","963","358","515","148","7,105","1,281","95"
"Barcelona","080193","2021","24,402","12,197","8,328","3,877","927","2,024","10,798","10,653","1,017","317","430","140","7,836","986","72"
"Barcelona","080193","2022","28,861","14,667","10,186","4,008","650","1,948","26,263","11,611","984","446","567","207","11,040","1,307","101"
"Barcelona","080193","2023","28,991","12,794","11,804","4,393","1,056","2,724","25,211","3,607","1,738","662","602","267","16,494","1,592","249"
