año;Cataluña;ámbitos de uso de la lengua;edad;usos lingüísticos;concepto;estado;valor
2008;Catalunya;con los miembros del hogar;de 15 a 29 años;solo catalán;población de 15 años o más (miles);;354,7
2008;Catalunya;con los miembros del hogar;de 15 a 29 años;más catalán que castellano;población de 15 años o más (miles);;49,6
2008;Catalunya;con los miembros del hogar;de 15 a 29 años;catalán y castellano;población de 15 años o más (miles);;82,6
2008;Catalunya;con los miembros del hogar;de 15 a 29 años;más castellano que catalán;población de 15 años o más (miles);;81,5
2008;Catalunya;con los miembros del hogar;de 15 a 29 años;solo castellano;población de 15 años o más (miles);;578,5
2008;Catalunya;con los miembros del hogar;de 15 a 29 años;otra lengua (o lenguas);población de 15 años o más (miles);;116,4
2008;Catalunya;con los miembros del hogar;de 15 a 29 años;otras combinaciones de lenguas;población de 15 años o más (miles);;40,1
2008;Catalunya;con los miembros del hogar;de 15 a 29 años;No consta;población de 15 años o más (miles);..;null
2008;Catalunya;con los miembros del hogar;de 15 a 29 años;total;población de 15 años o más (miles);;1304,9
2008;Catalunya;con los miembros del hogar;de 30 a 44 años;solo catalán;población de 15 años o más (miles);;509,3
2008;Catalunya;con los miembros del hogar;de 30 a 44 años;más catalán que castellano;población de 15 años o más (miles);;73,5
2008;Catalunya;con los miembros del hogar;de 30 a 44 años;catalán y castellano;población de 15 años o más (miles);;191,3
2008;Catalunya;con los miembros del hogar;de 30 a 44 años;más castellano que catalán;población de 15 años o más (miles);;126,9
2008;Catalunya;con los miembros del hogar;de 30 a 44 años;solo castellano;población de 15 años o más (miles);;698,7
2008;Catalunya;con los miembros del hogar;de 30 a 44 años;otra lengua (o lenguas);población de 15 años o más (miles);;125,1
2008;Catalunya;con los miembros del hogar;de 30 a 44 años;otras combinaciones de lenguas;población de 15 años o más (miles);;68,1
2008;Catalunya;con los miembros del hogar;de 30 a 44 años;No consta;población de 15 años o más (miles);..;null
2008;Catalunya;con los miembros del hogar;de 30 a 44 años;total;población de 15 años o más (miles);;1793,5
2008;Catalunya;con los miembros del hogar;de 45 a 64 años;solo catalán;población de 15 años o más (miles);;539,3
2008;Catalunya;con los miembros del hogar;de 45 a 64 años;más catalán que castellano;población de 15 años o más (miles);;60,1
2008;Catalunya;con los miembros del hogar;de 45 a 64 años;catalán y castellano;población de 15 años o más (miles);;144,5
2008;Catalunya;con los miembros del hogar;de 45 a 64 años;más castellano que catalán;población de 15 años o más (miles);;108,0
2008;Catalunya;con los miembros del hogar;de 45 a 64 años;solo castellano;población de 15 años o más (miles);;731,8
2008;Catalunya;con los miembros del hogar;de 45 a 64 años;otra lengua (o lenguas);población de 15 años o más (miles);;52,1
2008;Catalunya;con los miembros del hogar;de 45 a 64 años;otras combinaciones de lenguas;población de 15 años o más (miles);;21,5
2008;Catalunya;con los miembros del hogar;de 45 a 64 años;No consta;población de 15 años o más (miles);..;null
2008;Catalunya;con los miembros del hogar;de 45 a 64 años;total;población de 15 años o más (miles);;1658,6
2008;Catalunya;con los miembros del hogar;65 años o más;solo catalán;población de 15 años o más (miles);;392,2
2008;Catalunya;con los miembros del hogar;65 años o más;más catalán que castellano;población de 15 años o más (miles);;21,2
2008;Catalunya;con los miembros del hogar;65 años o más;catalán y castellano;población de 15 años o más (miles);;49,9
2008;Catalunya;con los miembros del hogar;65 años o más;más castellano que catalán;población de 15 años o más (miles);;23,6
2008;Catalunya;con los miembros del hogar;65 años o más;solo castellano;población de 15 años o más (miles);;407,6
2008;Catalunya;con los miembros del hogar;65 años o más;otra lengua (o lenguas);población de 15 años o más (miles);;19,4
2008;Catalunya;con los miembros del hogar;65 años o más;otras combinaciones de lenguas;población de 15 años o más (miles);..;null
2008;Catalunya;con los miembros del hogar;65 años o más;No consta;población de 15 años o más (miles);..;null
2008;Catalunya;con los miembros del hogar;65 años o más;total;población de 15 años o más (miles);;919,8
2008;Catalunya;con los miembros del hogar;total;solo catalán;población de 15 años o más (miles);;1795,5
2008;Catalunya;con los miembros del hogar;total;más catalán que castellano;población de 15 años o más (miles);;204,4
2008;Catalunya;con los miembros del hogar;total;catalán y castellano;población de 15 años o más (miles);;468,3
2008;Catalunya;con los miembros del hogar;total;más castellano que catalán;población de 15 años o más (miles);;340,0
2008;Catalunya;con los miembros del hogar;total;solo castellano;población de 15 años o más (miles);;2416,5
2008;Catalunya;con los miembros del hogar;total;otra lengua (o lenguas);población de 15 años o más (miles);;313,0
2008;Catalunya;con los miembros del hogar;total;otras combinaciones de lenguas;población de 15 años o más (miles);;135,7
2008;Catalunya;con los miembros del hogar;total;No consta;población de 15 años o más (miles);..;null
2008;Catalunya;con los miembros del hogar;total;total;población de 15 años o más (miles);;5676,8
2008;Catalunya;con los amigos;de 15 a 29 años;solo catalán;población de 15 años o más (miles);;242,5
2008;Catalunya;con los amigos;de 15 a 29 años;más catalán que castellano;población de 15 años o más (miles);;156,9
2008;Catalunya;con los amigos;de 15 a 29 años;catalán y castellano;población de 15 años o más (miles);;229,8
2008;Catalunya;con los amigos;de 15 a 29 años;más castellano que catalán;población de 15 años o más (miles);;178,0
2008;Catalunya;con los amigos;de 15 a 29 años;solo castellano;población de 15 años o más (miles);;406,5
2008;Catalunya;con los amigos;de 15 a 29 años;otra lengua (o lenguas);población de 15 años o más (miles);;46,1
2008;Catalunya;con los amigos;de 15 a 29 años;otras combinaciones de lenguas;población de 15 años o más (miles);;86,9
2008;Catalunya;con los amigos;de 15 a 29 años;No consta;población de 15 años o más (miles);..;null
2008;Catalunya;con los amigos;de 15 a 29 años;total;población de 15 años o más (miles);;1347,1
2008;Catalunya;con los amigos;de 30 a 44 años;solo catalán;población de 15 años o más (miles);;352,2
2008;Catalunya;con los amigos;de 30 a 44 años;más catalán que castellano;población de 15 años o más (miles);;188,1
2008;Catalunya;con los amigos;de 30 a 44 años;catalán y castellano;población de 15 años o más (miles);;362,5
2008;Catalunya;con los amigos;de 30 a 44 años;más castellano que catalán;población de 15 años o más (miles);;157,4
2008;Catalunya;con los amigos;de 30 a 44 años;solo castellano;población de 15 años o más (miles);;633,7
2008;Catalunya;con los amigos;de 30 a 44 años;otra lengua (o lenguas);población de 15 años o más (miles);;81,6
2008;Catalunya;con los amigos;de 30 a 44 años;otras combinaciones de lenguas;población de 15 años o más (miles);;112,3
2008;Catalunya;con los amigos;de 30 a 44 años;No consta;población de 15 años o más (miles);..;null
2008;Catalunya;con los amigos;de 30 a 44 años;total;población de 15 años o más (miles);;1892,2
2008;Catalunya;con los amigos;de 45 a 64 años;solo catalán;población de 15 años o más (miles);;417,8
2008;Catalunya;con los amigos;de 45 a 64 años;más catalán que castellano;población de 15 años o más (miles);;187,6
2008;Catalunya;con los amigos;de 45 a 64 años;catalán y castellano;población de 15 años o más (miles);;308,9
2008;Catalunya;con los amigos;de 45 a 64 años;más castellano que catalán;población de 15 años o más (miles);;154,1
2008;Catalunya;con los amigos;de 45 a 64 años;solo castellano;población de 15 años o más (miles);;612,0
2008;Catalunya;con los amigos;de 45 a 64 años;otra lengua (o lenguas);población de 15 años o más (miles);;30,5
2008;Catalunya;con los amigos;de 45 a 64 años;otras combinaciones de lenguas;población de 15 años o más (miles);;31,6
2008;Catalunya;con los amigos;de 45 a 64 años;No consta;población de 15 años o más (miles);..;null
2008;Catalunya;con los amigos;de 45 a 64 años;total;población de 15 años o más (miles);;1748,7
2008;Catalunya;con los amigos;65 años o más;solo catalán;población de 15 años o más (miles);;374,0
2008;Catalunya;con los amigos;65 años o más;más catalán que castellano;población de 15 años o más (miles);;130,3
2008;Catalunya;con los amigos;65 años o más;catalán y castellano;población de 15 años o más (miles);;136,1
2008;Catalunya;con los amigos;65 años o más;más castellano que catalán;población de 15 años o más (miles);;63,0
2008;Catalunya;con los amigos;65 años o más;solo castellano;población de 15 años o más (miles);;438,3
2008;Catalunya;con los amigos;65 años o más;otra lengua (o lenguas);población de 15 años o más (miles);;8,9
2008;Catalunya;con los amigos;65 años o más;otras combinaciones de lenguas;población de 15 años o más (miles);;11,9
2008;Catalunya;con los amigos;65 años o más;No consta;población de 15 años o más (miles);..;null
2008;Catalunya;con los amigos;65 años o más;total;población de 15 años o más (miles);;1174,6
2008;Catalunya;con los amigos;total;solo catalán;población de 15 años o más (miles);;1386,5
2008;Catalunya;con los amigos;total;más catalán que castellano;población de 15 años o más (miles);;662,9
2008;Catalunya;con los amigos;total;catalán y castellano;población de 15 años o más (miles);;1037,3
2008;Catalunya;con los amigos;total;más castellano que catalán;población de 15 años o más (miles);;552,5
2008;Catalunya;con los amigos;total;solo castellano;población de 15 años o más (miles);;2090,6
2008;Catalunya;con los amigos;total;otra lengua (o lenguas);población de 15 años o más (miles);;167,0
2008;Catalunya;con los amigos;total;otras combinaciones de lenguas;población de 15 años o más (miles);;242,7
2008;Catalunya;con los amigos;total;No consta;población de 15 años o más (miles);;23,1
2008;Catalunya;con los amigos;total;total;población de 15 años o más (miles);;6162,5
2008;Catalunya;con los vecinos;de 15 a 29 años;solo catalán;población de 15 años o más (miles);;267,3
2008;Catalunya;con los vecinos;de 15 a 29 años;más catalán que castellano;población de 15 años o más (miles);;121,3
2008;Catalunya;con los vecinos;de 15 a 29 años;catalán y castellano;población de 15 años o más (miles);;186,9
2008;Catalunya;con los vecinos;de 15 a 29 años;más castellano que catalán;población de 15 años o más (miles);;147,1
2008;Catalunya;con los vecinos;de 15 a 29 años;solo castellano;población de 15 años o más (miles);;571,0
2008;Catalunya;con los vecinos;de 15 a 29 años;otra lengua (o lenguas);población de 15 años o más (miles);;10,1
2008;Catalunya;con los vecinos;de 15 a 29 años;otras combinaciones de lenguas;población de 15 años o más (miles);;20,3
2008;Catalunya;con los vecinos;de 15 a 29 años;No consta;población de 15 años o más (miles);;23,1
2008;Catalunya;con los vecinos;de 15 a 29 años;total;población de 15 años o más (miles);;1347,1
2008;Catalunya;con los vecinos;de 30 a 44 años;solo catalán;población de 15 años o más (miles);;367,7
2008;Catalunya;con los vecinos;de 30 a 44 años;más catalán que castellano;población de 15 años o más (miles);;191,4
2008;Catalunya;con los vecinos;de 30 a 44 años;catalán y castellano;población de 15 años o más (miles);;343,7
2008;Catalunya;con los vecinos;de 30 a 44 años;más castellano que catalán;población de 15 años o más (miles);;164,5
2008;Catalunya;con los vecinos;de 30 a 44 años;solo castellano;población de 15 años o más (miles);;773,6
2008;Catalunya;con los vecinos;de 30 a 44 años;otra lengua (o lenguas);población de 15 años o más (miles);;8,9
2008;Catalunya;con los vecinos;de 30 a 44 años;otras combinaciones de lenguas;población de 15 años o más (miles);;20,8
2008;Catalunya;con los vecinos;de 30 a 44 años;No consta;población de 15 años o más (miles);;21,7
2008;Catalunya;con los vecinos;de 30 a 44 años;total;población de 15 años o más (miles);;1892,2
2008;Catalunya;con los vecinos;de 45 a 64 años;solo catalán;población de 15 años o más (miles);;403,5
2008;Catalunya;con los vecinos;de 45 a 64 años;más catalán que castellano;población de 15 años o más (miles);;166,5
2008;Catalunya;con los vecinos;de 45 a 64 años;catalán y castellano;población de 15 años o más (miles);;322,8
2008;Catalunya;con los vecinos;de 45 a 64 años;más castellano que catalán;población de 15 años o más (miles);;143,5
2008;Catalunya;con los vecinos;de 45 a 64 años;solo castellano;población de 15 años o más (miles);;684,1
2008;Catalunya;con los vecinos;de 45 a 64 años;otra lengua (o lenguas);población de 15 años o más (miles);;2,0
2008;Catalunya;con los vecinos;de 45 a 64 años;otras combinaciones de lenguas;población de 15 años o más (miles);;13,3
2008;Catalunya;con los vecinos;de 45 a 64 años;No consta;población de 15 años o más (miles);..;null
2008;Catalunya;con los vecinos;de 45 a 64 años;total;población de 15 años o más (miles);;1748,7
2008;Catalunya;con los vecinos;65 años o más;solo catalán;población de 15 años o más (miles);;361,4
2008;Catalunya;con los vecinos;65 años o más;más catalán que castellano;población de 15 años o más (miles);;105,2
2008;Catalunya;con los vecinos;65 años o más;catalán y castellano;población de 15 años o más (miles);;163,4
2008;Catalunya;con los vecinos;65 años o más;más castellano que catalán;población de 15 años o más (miles);;77,4
2008;Catalunya;con los vecinos;65 años o más;solo castellano;población de 15 años o más (miles);;446,2
2008;Catalunya;con los vecinos;65 años o más;otra lengua (o lenguas);población de 15 años o más (miles);;1,8
2008;Catalunya;con los vecinos;65 años o más;otras combinaciones de lenguas;población de 15 años o más (miles);;4,3
2008;Catalunya;con los vecinos;65 años o más;No consta;población de 15 años o más (miles);..;null
2008;Catalunya;con los vecinos;65 años o más;total;población de 15 años o más (miles);;1174,6
2008;Catalunya;con los vecinos;total;solo catalán;población de 15 años o más (miles);;1399,8
2008;Catalunya;con los vecinos;total;más catalán que castellano;población de 15 años o más (miles);;584,4
2008;Catalunya;con los vecinos;total;catalán y castellano;población de 15 años o más (miles);;1016,8
2008;Catalunya;con los vecinos;total;más castellano que catalán;población de 15 años o más (miles);;532,4
2008;Catalunya;con los vecinos;total;solo castellano;población de 15 años o más (miles);;2474,9
2008;Catalunya;con los vecinos;total;otra lengua (o lenguas);población de 15 años o más (miles);;22,7
2008;Catalunya;con los vecinos;total;otras combinaciones de lenguas;población de 15 años o más (miles);;58,7
2008;Catalunya;con los vecinos;total;No consta;población de 15 años o más (miles);;72,7
2008;Catalunya;con los vecinos;total;total;población de 15 años o más (miles);;6162,5
2008;Catalunya;con los compañeros de estudio;de 15 a 29 años;solo catalán;población de 15 años o más (miles);;206,6
2008;Catalunya;con los compañeros de estudio;de 15 a 29 años;más catalán que castellano;población de 15 años o más (miles);;108,4
2008;Catalunya;con los compañeros de estudio;de 15 a 29 años;catalán y castellano;población de 15 años o más (miles);;120,4
2008;Catalunya;con los compañeros de estudio;de 15 a 29 años;más castellano que catalán;población de 15 años o más (miles);;66,9
2008;Catalunya;con los compañeros de estudio;de 15 a 29 años;solo castellano;población de 15 años o más (miles);;104,9
2008;Catalunya;con los compañeros de estudio;de 15 a 29 años;otra lengua (o lenguas);población de 15 años o más (miles);..;null
2008;Catalunya;con los compañeros de estudio;de 15 a 29 años;otras combinaciones de lenguas;población de 15 años o más (miles);..;null
2008;Catalunya;con los compañeros de estudio;de 15 a 29 años;No consta;población de 15 años o más (miles);..;null
2008;Catalunya;con los compañeros de estudio;de 15 a 29 años;total;población de 15 años o más (miles);;625,8
2008;Catalunya;con los compañeros de estudio;de 30 a 44 años;solo catalán;población de 15 años o más (miles);;62,3
2008;Catalunya;con los compañeros de estudio;de 30 a 44 años;más catalán que castellano;población de 15 años o más (miles);;27,8
2008;Catalunya;con los compañeros de estudio;de 30 a 44 años;catalán y castellano;población de 15 años o más (miles);;39,4
2008;Catalunya;con los compañeros de estudio;de 30 a 44 años;más castellano que catalán;población de 15 años o más (miles);..;null
2008;Catalunya;con los compañeros de estudio;de 30 a 44 años;solo castellano;población de 15 años o más (miles);;50,9
2008;Catalunya;con los compañeros de estudio;de 30 a 44 años;otra lengua (o lenguas);población de 15 años o más (miles);..;null
2008;Catalunya;con los compañeros de estudio;de 30 a 44 años;otras combinaciones de lenguas;población de 15 años o más (miles);..;null
2008;Catalunya;con los compañeros de estudio;de 30 a 44 años;No consta;población de 15 años o más (miles);..;null
2008;Catalunya;con los compañeros de estudio;de 30 a 44 años;total;población de 15 años o más (miles);;207,6
2008;Catalunya;con los compañeros de estudio;de 45 a 64 años;solo catalán;población de 15 años o más (miles);;45,9
2008;Catalunya;con los compañeros de estudio;de 45 a 64 años;más catalán que castellano;población de 15 años o más (miles);..;null
2008;Catalunya;con los compañeros de estudio;de 45 a 64 años;catalán y castellano;población de 15 años o más (miles);;22,1
2008;Catalunya;con los compañeros de estudio;de 45 a 64 años;más castellano que catalán;población de 15 años o más (miles);..;null
2008;Catalunya;con los compañeros de estudio;de 45 a 64 años;solo castellano;población de 15 años o más (miles);;26,1
2008;Catalunya;con los compañeros de estudio;de 45 a 64 años;otra lengua (o lenguas);población de 15 años o más (miles);..;null
2008;Catalunya;con los compañeros de estudio;de 45 a 64 años;otras combinaciones de lenguas;población de 15 años o más (miles);..;null
2008;Catalunya;con los compañeros de estudio;de 45 a 64 años;No consta;población de 15 años o más (miles);..;null
2008;Catalunya;con los compañeros de estudio;de 45 a 64 años;total;población de 15 años o más (miles);;119,5
2008;Catalunya;con los compañeros de estudio;65 años o más;solo catalán;población de 15 años o más (miles);;15,0
2008;Catalunya;con los compañeros de estudio;65 años o más;más catalán que castellano;población de 15 años o más (miles);..;null
2008;Catalunya;con los compañeros de estudio;65 años o más;catalán y castellano;población de 15 años o más (miles);..;null
2008;Catalunya;con los compañeros de estudio;65 años o más;más castellano que catalán;población de 15 años o más (miles);..;null
2008;Catalunya;con los compañeros de estudio;65 años o más;solo castellano;población de 15 años o más (miles);..;null
2008;Catalunya;con los compañeros de estudio;65 años o más;otra lengua (o lenguas);población de 15 años o más (miles);..;null
2008;Catalunya;con los compañeros de estudio;65 años o más;otras combinaciones de lenguas;población de 15 años o más (miles);..;null
2008;Catalunya;con los compañeros de estudio;65 años o más;No consta;población de 15 años o más (miles);..;null
2008;Catalunya;con los compañeros de estudio;65 años o más;total;población de 15 años o más (miles);;34,0
2008;Catalunya;con los compañeros de estudio;total;solo catalán;población de 15 años o más (miles);;329,7
2008;Catalunya;con los compañeros de estudio;total;más catalán que castellano;población de 15 años o más (miles);;151,2
2008;Catalunya;con los compañeros de estudio;total;catalán y castellano;población de 15 años o más (miles);;188,0
2008;Catalunya;con los compañeros de estudio;total;más castellano que catalán;población de 15 años o más (miles);;76,1
2008;Catalunya;con los compañeros de estudio;total;solo castellano;población de 15 años o más (miles);;187,5
2008;Catalunya;con los compañeros de estudio;total;otra lengua (o lenguas);población de 15 años o más (miles);..;null
2008;Catalunya;con los compañeros de estudio;total;otras combinaciones de lenguas;población de 15 años o más (miles);;26,5
2008;Catalunya;con los compañeros de estudio;total;No consta;población de 15 años o más (miles);..;null
2008;Catalunya;con los compañeros de estudio;total;total;población de 15 años o más (miles);;986,9
2008;Catalunya;con los compañeros de trabajo;de 15 a 29 años;solo catalán;población de 15 años o más (miles);;148,4
2008;Catalunya;con los compañeros de trabajo;de 15 a 29 años;más catalán que castellano;población de 15 años o más (miles);;68,9
2008;Catalunya;con los compañeros de trabajo;de 15 a 29 años;catalán y castellano;población de 15 años o más (miles);;126,1
2008;Catalunya;con los compañeros de trabajo;de 15 a 29 años;más castellano que catalán;población de 15 años o más (miles);;79,8
2008;Catalunya;con los compañeros de trabajo;de 15 a 29 años;solo castellano;población de 15 años o más (miles);;270,2
2008;Catalunya;con los compañeros de trabajo;de 15 a 29 años;otra lengua (o lenguas);población de 15 años o más (miles);..;null
2008;Catalunya;con los compañeros de trabajo;de 15 a 29 años;otras combinaciones de lenguas;población de 15 años o más (miles);;31,9
2008;Catalunya;con los compañeros de trabajo;de 15 a 29 años;No consta;población de 15 años o más (miles);..;null
2008;Catalunya;con los compañeros de trabajo;de 15 a 29 años;total;población de 15 años o más (miles);;740,2
2008;Catalunya;con los compañeros de trabajo;de 30 a 44 años;solo catalán;población de 15 años o más (miles);;348,9
2008;Catalunya;con los compañeros de trabajo;de 30 a 44 años;más catalán que castellano;población de 15 años o más (miles);;171,1
2008;Catalunya;con los compañeros de trabajo;de 30 a 44 años;catalán y castellano;población de 15 años o más (miles);;299,7
2008;Catalunya;con los compañeros de trabajo;de 30 a 44 años;más castellano que catalán;población de 15 años o más (miles);;155,5
2008;Catalunya;con los compañeros de trabajo;de 30 a 44 años;solo castellano;población de 15 años o más (miles);;514,1
2008;Catalunya;con los compañeros de trabajo;de 30 a 44 años;otra lengua (o lenguas);población de 15 años o más (miles);;14,7
2008;Catalunya;con los compañeros de trabajo;de 30 a 44 años;otras combinaciones de lenguas;población de 15 años o más (miles);;55,9
2008;Catalunya;con los compañeros de trabajo;de 30 a 44 años;No consta;población de 15 años o más (miles);;15,7
2008;Catalunya;con los compañeros de trabajo;de 30 a 44 años;total;población de 15 años o más (miles);;1575,5
2008;Catalunya;con los compañeros de trabajo;de 45 a 64 años;solo catalán;población de 15 años o más (miles);;288,2
2008;Catalunya;con los compañeros de trabajo;de 45 a 64 años;más catalán que castellano;población de 15 años o más (miles);;119,2
2008;Catalunya;con los compañeros de trabajo;de 45 a 64 años;catalán y castellano;población de 15 años o más (miles);;232,6
2008;Catalunya;con los compañeros de trabajo;de 45 a 64 años;más castellano que catalán;población de 15 años o más (miles);;97,4
2008;Catalunya;con los compañeros de trabajo;de 45 a 64 años;solo castellano;población de 15 años o más (miles);;318,5
2008;Catalunya;con los compañeros de trabajo;de 45 a 64 años;otra lengua (o lenguas);población de 15 años o más (miles);;10,0
2008;Catalunya;con los compañeros de trabajo;de 45 a 64 años;otras combinaciones de lenguas;población de 15 años o más (miles);;17,9
2008;Catalunya;con los compañeros de trabajo;de 45 a 64 años;No consta;población de 15 años o más (miles);;18,9
2008;Catalunya;con los compañeros de trabajo;de 45 a 64 años;total;población de 15 años o más (miles);;1102,6
2008;Catalunya;con los compañeros de trabajo;65 años o más;solo catalán;población de 15 años o más (miles);..;null
2008;Catalunya;con los compañeros de trabajo;65 años o más;más catalán que castellano;población de 15 años o más (miles);..;null
2008;Catalunya;con los compañeros de trabajo;65 años o más;catalán y castellano;población de 15 años o más (miles);..;null
2008;Catalunya;con los compañeros de trabajo;65 años o más;más castellano que catalán;población de 15 años o más (miles);..;null
2008;Catalunya;con los compañeros de trabajo;65 años o más;solo castellano;población de 15 años o más (miles);..;null
2008;Catalunya;con los compañeros de trabajo;65 años o más;otra lengua (o lenguas);población de 15 años o más (miles);..;null
2008;Catalunya;con los compañeros de trabajo;65 años o más;otras combinaciones de lenguas;población de 15 años o más (miles);..;null
2008;Catalunya;con los compañeros de trabajo;65 años o más;No consta;población de 15 años o más (miles);..;null
2008;Catalunya;con los compañeros de trabajo;65 años o más;total;población de 15 años o más (miles);;35,2
2008;Catalunya;con los compañeros de trabajo;total;solo catalán;población de 15 años o más (miles);;795,9
2008;Catalunya;con los compañeros de trabajo;total;más catalán que castellano;población de 15 años o más (miles);;363,8
2008;Catalunya;con los compañeros de trabajo;total;catalán y castellano;población de 15 años o más (miles);;666,0
2008;Catalunya;con los compañeros de trabajo;total;más castellano que catalán;población de 15 años o más (miles);;335,5
2008;Catalunya;con los compañeros de trabajo;total;solo castellano;población de 15 años o más (miles);;1109,7
2008;Catalunya;con los compañeros de trabajo;total;otra lengua (o lenguas);población de 15 años o más (miles);;34,3
2008;Catalunya;con los compañeros de trabajo;total;otras combinaciones de lenguas;población de 15 años o más (miles);;107,2
2008;Catalunya;con los compañeros de trabajo;total;No consta;población de 15 años o más (miles);;41,2
2008;Catalunya;con los compañeros de trabajo;total;total;población de 15 años o más (miles);;3453,5
2008;Catalunya;en el pequeño comercio;de 15 a 29 años;solo catalán;población de 15 años o más (miles);;325,4
2008;Catalunya;en el pequeño comercio;de 15 a 29 años;más catalán que castellano;población de 15 años o más (miles);;144,0
2008;Catalunya;en el pequeño comercio;de 15 a 29 años;catalán y castellano;población de 15 años o más (miles);;240,9
2008;Catalunya;en el pequeño comercio;de 15 a 29 años;más castellano que catalán;población de 15 años o más (miles);;130,9
2008;Catalunya;en el pequeño comercio;de 15 a 29 años;solo castellano;población de 15 años o más (miles);;472,6
2008;Catalunya;en el pequeño comercio;de 15 a 29 años;otra lengua (o lenguas);población de 15 años o más (miles);..;null
2008;Catalunya;en el pequeño comercio;de 15 a 29 años;otras combinaciones de lenguas;población de 15 años o más (miles);;19,6
2008;Catalunya;en el pequeño comercio;de 15 a 29 años;No consta;población de 15 años o más (miles);..;null
2008;Catalunya;en el pequeño comercio;de 15 a 29 años;total;población de 15 años o más (miles);;1347,1
2008;Catalunya;en el pequeño comercio;de 30 a 44 años;solo catalán;población de 15 años o más (miles);;494,7
2008;Catalunya;en el pequeño comercio;de 30 a 44 años;más catalán que castellano;población de 15 años o más (miles);;228,7
2008;Catalunya;en el pequeño comercio;de 30 a 44 años;catalán y castellano;población de 15 años o más (miles);;293,0
2008;Catalunya;en el pequeño comercio;de 30 a 44 años;más castellano que catalán;población de 15 años o más (miles);;142,6
2008;Catalunya;en el pequeño comercio;de 30 a 44 años;solo castellano;población de 15 años o más (miles);;696,1
2008;Catalunya;en el pequeño comercio;de 30 a 44 años;otra lengua (o lenguas);población de 15 años o más (miles);..;null
2008;Catalunya;en el pequeño comercio;de 30 a 44 años;otras combinaciones de lenguas;población de 15 años o más (miles);;26,2
2008;Catalunya;en el pequeño comercio;de 30 a 44 años;No consta;población de 15 años o más (miles);..;null
2008;Catalunya;en el pequeño comercio;de 30 a 44 años;total;población de 15 años o más (miles);;1892,2
2008;Catalunya;en el pequeño comercio;de 45 a 64 años;solo catalán;población de 15 años o más (miles);;537,4
2008;Catalunya;en el pequeño comercio;de 45 a 64 años;más catalán que castellano;población de 15 años o más (miles);;184,4
2008;Catalunya;en el pequeño comercio;de 45 a 64 años;catalán y castellano;población de 15 años o más (miles);;254,3
2008;Catalunya;en el pequeño comercio;de 45 a 64 años;más castellano que catalán;población de 15 años o más (miles);;131,1
2008;Catalunya;en el pequeño comercio;de 45 a 64 años;solo castellano;población de 15 años o más (miles);;622,6
2008;Catalunya;en el pequeño comercio;de 45 a 64 años;otra lengua (o lenguas);población de 15 años o más (miles);;3,7
2008;Catalunya;en el pequeño comercio;de 45 a 64 años;otras combinaciones de lenguas;población de 15 años o más (miles);;6,1
2008;Catalunya;en el pequeño comercio;de 45 a 64 años;No consta;población de 15 años o más (miles);..;null
2008;Catalunya;en el pequeño comercio;de 45 a 64 años;total;población de 15 años o más (miles);;1748,7
2008;Catalunya;en el pequeño comercio;65 años o más;solo catalán;población de 15 años o más (miles);;409,0
2008;Catalunya;en el pequeño comercio;65 años o más;más catalán que castellano;población de 15 años o más (miles);;120,4
2008;Catalunya;en el pequeño comercio;65 años o más;catalán y castellano;población de 15 años o más (miles);;132,4
2008;Catalunya;en el pequeño comercio;65 años o más;más castellano que catalán;población de 15 años o más (miles);;56,4
2008;Catalunya;en el pequeño comercio;65 años o más;solo castellano;población de 15 años o más (miles);;429,9
2008;Catalunya;en el pequeño comercio;65 años o más;otra lengua (o lenguas);población de 15 años o más (miles);..;null
2008;Catalunya;en el pequeño comercio;65 años o más;otras combinaciones de lenguas;población de 15 años o más (miles);;3,1
2008;Catalunya;en el pequeño comercio;65 años o más;No consta;población de 15 años o más (miles);;23,2
2008;Catalunya;en el pequeño comercio;65 años o más;total;población de 15 años o más (miles);;1174,6
2008;Catalunya;en el pequeño comercio;total;solo catalán;población de 15 años o más (miles);;1766,4
2008;Catalunya;en el pequeño comercio;total;más catalán que castellano;población de 15 años o más (miles);;677,3
2008;Catalunya;en el pequeño comercio;total;catalán y castellano;población de 15 años o más (miles);;920,7
2008;Catalunya;en el pequeño comercio;total;más castellano que catalán;población de 15 años o más (miles);;461,0
2008;Catalunya;en el pequeño comercio;total;solo castellano;población de 15 años o más (miles);;2221,1
2008;Catalunya;en el pequeño comercio;total;otra lengua (o lenguas);población de 15 años o más (miles);;11,6
2008;Catalunya;en el pequeño comercio;total;otras combinaciones de lenguas;población de 15 años o más (miles);;55,1
2008;Catalunya;en el pequeño comercio;total;No consta;población de 15 años o más (miles);;49,3
2008;Catalunya;en el pequeño comercio;total;total;población de 15 años o más (miles);;6162,5
2008;Catalunya;en el gran comercio;de 15 a 29 años;solo catalán;población de 15 años o más (miles);;266,8
2008;Catalunya;en el gran comercio;de 15 a 29 años;más catalán que castellano;población de 15 años o más (miles);;114,9
2008;Catalunya;en el gran comercio;de 15 a 29 años;catalán y castellano;población de 15 años o más (miles);;242,2
2008;Catalunya;en el gran comercio;de 15 a 29 años;más castellano que catalán;población de 15 años o más (miles);;165,6
2008;Catalunya;en el gran comercio;de 15 a 29 años;solo castellano;población de 15 años o más (miles);;537,8
2008;Catalunya;en el gran comercio;de 15 a 29 años;otra lengua (o lenguas);población de 15 años o más (miles);..;null
2008;Catalunya;en el gran comercio;de 15 a 29 años;otras combinaciones de lenguas;población de 15 años o más (miles);..;null
2008;Catalunya;en el gran comercio;de 15 a 29 años;No consta;población de 15 años o más (miles);..;null
2008;Catalunya;en el gran comercio;de 15 a 29 años;total;población de 15 años o más (miles);;1347,1
2008;Catalunya;en el gran comercio;de 30 a 44 años;solo catalán;población de 15 años o más (miles);;420,0
2008;Catalunya;en el gran comercio;de 30 a 44 años;más catalán que castellano;población de 15 años o más (miles);;193,7
2008;Catalunya;en el gran comercio;de 30 a 44 años;catalán y castellano;población de 15 años o más (miles);;292,4
2008;Catalunya;en el gran comercio;de 30 a 44 años;más castellano que catalán;población de 15 años o más (miles);;211,0
2008;Catalunya;en el gran comercio;de 30 a 44 años;solo castellano;población de 15 años o más (miles);;756,5
2008;Catalunya;en el gran comercio;de 30 a 44 años;otra lengua (o lenguas);población de 15 años o más (miles);..;null
2008;Catalunya;en el gran comercio;de 30 a 44 años;otras combinaciones de lenguas;población de 15 años o más (miles);..;null
2008;Catalunya;en el gran comercio;de 30 a 44 años;No consta;población de 15 años o más (miles);..;null
2008;Catalunya;en el gran comercio;de 30 a 44 años;total;población de 15 años o más (miles);;1892,2
2008;Catalunya;en el gran comercio;de 45 a 64 años;solo catalán;población de 15 años o más (miles);;444,9
2008;Catalunya;en el gran comercio;de 45 a 64 años;más catalán que castellano;población de 15 años o más (miles);;177,6
2008;Catalunya;en el gran comercio;de 45 a 64 años;catalán y castellano;población de 15 años o más (miles);;265,7
2008;Catalunya;en el gran comercio;de 45 a 64 años;más castellano que catalán;población de 15 años o más (miles);;147,5
2008;Catalunya;en el gran comercio;de 45 a 64 años;solo castellano;población de 15 años o más (miles);;695,2
2008;Catalunya;en el gran comercio;de 45 a 64 años;otra lengua (o lenguas);población de 15 años o más (miles);..;null
2008;Catalunya;en el gran comercio;de 45 a 64 años;otras combinaciones de lenguas;población de 15 años o más (miles);..;null
2008;Catalunya;en el gran comercio;de 45 a 64 años;No consta;población de 15 años o más (miles);..;null
2008;Catalunya;en el gran comercio;de 45 a 64 años;total;población de 15 años o más (miles);;1748,7
2008;Catalunya;en el gran comercio;65 años o más;solo catalán;población de 15 años o más (miles);;341,2
2008;Catalunya;en el gran comercio;65 años o más;más catalán que castellano;población de 15 años o más (miles);;122,1
2008;Catalunya;en el gran comercio;65 años o más;catalán y castellano;población de 15 años o más (miles);;152,3
2008;Catalunya;en el gran comercio;65 años o más;más castellano que catalán;población de 15 años o más (miles);;61,1
2008;Catalunya;en el gran comercio;65 años o más;solo castellano;población de 15 años o más (miles);;436,4
2008;Catalunya;en el gran comercio;65 años o más;otra lengua (o lenguas);población de 15 años o más (miles);..;null
2008;Catalunya;en el gran comercio;65 años o más;otras combinaciones de lenguas;población de 15 años o más (miles);..;null
2008;Catalunya;en el gran comercio;65 años o más;No consta;población de 15 años o más (miles);;55,6
2008;Catalunya;en el gran comercio;65 años o más;total;población de 15 años o más (miles);;1174,6
2008;Catalunya;en el gran comercio;total;solo catalán;población de 15 años o más (miles);;1472,9
2008;Catalunya;en el gran comercio;total;más catalán que castellano;población de 15 años o más (miles);;608,3
2008;Catalunya;en el gran comercio;total;catalán y castellano;población de 15 años o más (miles);;952,7
2008;Catalunya;en el gran comercio;total;más castellano que catalán;población de 15 años o más (miles);;585,2
2008;Catalunya;en el gran comercio;total;solo castellano;población de 15 años o más (miles);;2425,9
2008;Catalunya;en el gran comercio;total;otra lengua (o lenguas);población de 15 años o más (miles);..;null
2008;Catalunya;en el gran comercio;total;otras combinaciones de lenguas;población de 15 años o más (miles);;19,9
2008;Catalunya;en el gran comercio;total;No consta;población de 15 años o más (miles);;92,5
2008;Catalunya;en el gran comercio;total;total;población de 15 años o más (miles);;6162,5
2008;Catalunya;en la entidad financiera;de 15 a 29 años;solo catalán;población de 15 años o más (miles);;424,3
2008;Catalunya;en la entidad financiera;de 15 a 29 años;más catalán que castellano;población de 15 años o más (miles);;116,9
2008;Catalunya;en la entidad financiera;de 15 a 29 años;catalán y castellano;población de 15 años o más (miles);;190,6
2008;Catalunya;en la entidad financiera;de 15 a 29 años;más castellano que catalán;población de 15 años o más (miles);;104,6
2008;Catalunya;en la entidad financiera;de 15 a 29 años;solo castellano;población de 15 años o más (miles);;465,3
2008;Catalunya;en la entidad financiera;de 15 a 29 años;otra lengua (o lenguas);población de 15 años o más (miles);..;null
2008;Catalunya;en la entidad financiera;de 15 a 29 años;otras combinaciones de lenguas;población de 15 años o más (miles);..;null
2008;Catalunya;en la entidad financiera;de 15 a 29 años;No consta;población de 15 años o más (miles);;40,2
2008;Catalunya;en la entidad financiera;de 15 a 29 años;total;población de 15 años o más (miles);;1347,1
2008;Catalunya;en la entidad financiera;de 30 a 44 años;solo catalán;población de 15 años o más (miles);;661,1
2008;Catalunya;en la entidad financiera;de 30 a 44 años;más catalán que castellano;población de 15 años o más (miles);;156,5
2008;Catalunya;en la entidad financiera;de 30 a 44 años;catalán y castellano;población de 15 años o más (miles);;216,8
2008;Catalunya;en la entidad financiera;de 30 a 44 años;más castellano que catalán;población de 15 años o más (miles);;108,6
2008;Catalunya;en la entidad financiera;de 30 a 44 años;solo castellano;población de 15 años o más (miles);;739,1
2008;Catalunya;en la entidad financiera;de 30 a 44 años;otra lengua (o lenguas);población de 15 años o más (miles);..;null
2008;Catalunya;en la entidad financiera;de 30 a 44 años;otras combinaciones de lenguas;población de 15 años o más (miles);..;null
2008;Catalunya;en la entidad financiera;de 30 a 44 años;No consta;población de 15 años o más (miles);..;null
2008;Catalunya;en la entidad financiera;de 30 a 44 años;total;población de 15 años o más (miles);;1892,2
2008;Catalunya;en la entidad financiera;de 45 a 64 años;solo catalán;población de 15 años o más (miles);;721,1
2008;Catalunya;en la entidad financiera;de 45 a 64 años;más catalán que castellano;población de 15 años o más (miles);;115,9
2008;Catalunya;en la entidad financiera;de 45 a 64 años;catalán y castellano;población de 15 años o más (miles);;163,3
2008;Catalunya;en la entidad financiera;de 45 a 64 años;más castellano que catalán;población de 15 años o más (miles);;77,5
2008;Catalunya;en la entidad financiera;de 45 a 64 años;solo castellano;población de 15 años o más (miles);;652,8
2008;Catalunya;en la entidad financiera;de 45 a 64 años;otra lengua (o lenguas);población de 15 años o más (miles);;0,3
2008;Catalunya;en la entidad financiera;de 45 a 64 años;otras combinaciones de lenguas;población de 15 años o más (miles);;2,7
2008;Catalunya;en la entidad financiera;de 45 a 64 años;No consta;población de 15 años o más (miles);..;null
2008;Catalunya;en la entidad financiera;de 45 a 64 años;total;población de 15 años o más (miles);;1748,7
2008;Catalunya;en la entidad financiera;65 años o más;solo catalán;población de 15 años o más (miles);;508,5
2008;Catalunya;en la entidad financiera;65 años o más;más catalán que castellano;población de 15 años o más (miles);;62,1
2008;Catalunya;en la entidad financiera;65 años o más;catalán y castellano;población de 15 años o más (miles);;96,0
2008;Catalunya;en la entidad financiera;65 años o más;más castellano que catalán;población de 15 años o más (miles);;39,8
2008;Catalunya;en la entidad financiera;65 años o más;solo castellano;población de 15 años o más (miles);;434,3
2008;Catalunya;en la entidad financiera;65 años o más;otra lengua (o lenguas);población de 15 años o más (miles);..;null
2008;Catalunya;en la entidad financiera;65 años o más;otras combinaciones de lenguas;población de 15 años o más (miles);..;null
2008;Catalunya;en la entidad financiera;65 años o más;No consta;población de 15 años o más (miles);;29,8
2008;Catalunya;en la entidad financiera;65 años o más;total;población de 15 años o más (miles);;1174,6
2008;Catalunya;en la entidad financiera;total;solo catalán;población de 15 años o más (miles);;2315,0
2008;Catalunya;en la entidad financiera;total;más catalán que castellano;población de 15 años o más (miles);;451,4
2008;Catalunya;en la entidad financiera;total;catalán y castellano;población de 15 años o más (miles);;666,7
2008;Catalunya;en la entidad financiera;total;más castellano que catalán;población de 15 años o más (miles);;330,4
2008;Catalunya;en la entidad financiera;total;solo castellano;población de 15 años o más (miles);;2291,6
2008;Catalunya;en la entidad financiera;total;otra lengua (o lenguas);población de 15 años o más (miles);;1,9
2008;Catalunya;en la entidad financiera;total;otras combinaciones de lenguas;población de 15 años o más (miles);;13,8
2008;Catalunya;en la entidad financiera;total;No consta;población de 15 años o más (miles);;91,8
2008;Catalunya;en la entidad financiera;total;total;población de 15 años o más (miles);;6162,5
2008;Catalunya;con el personal médico;de 15 a 29 años;solo catalán;población de 15 años o más (miles);;413,8
2008;Catalunya;con el personal médico;de 15 a 29 años;más catalán que castellano;población de 15 años o más (miles);;102,7
2008;Catalunya;con el personal médico;de 15 a 29 años;catalán y castellano;población de 15 años o más (miles);;184,4
2008;Catalunya;con el personal médico;de 15 a 29 años;más castellano que catalán;población de 15 años o más (miles);;103,6
2008;Catalunya;con el personal médico;de 15 a 29 años;solo castellano;población de 15 años o más (miles);;531,4
2008;Catalunya;con el personal médico;de 15 a 29 años;otra lengua (o lenguas);población de 15 años o más (miles);..;null
2008;Catalunya;con el personal médico;de 15 a 29 años;otras combinaciones de lenguas;población de 15 años o más (miles);..;null
2008;Catalunya;con el personal médico;de 15 a 29 años;No consta;población de 15 años o más (miles);..;null
2008;Catalunya;con el personal médico;de 15 a 29 años;total;población de 15 años o más (miles);;1347,1
2008;Catalunya;con el personal médico;de 30 a 44 años;solo catalán;población de 15 años o más (miles);;594,4
2008;Catalunya;con el personal médico;de 30 a 44 años;más catalán que castellano;población de 15 años o más (miles);;151,2
2008;Catalunya;con el personal médico;de 30 a 44 años;catalán y castellano;población de 15 años o más (miles);;238,1
2008;Catalunya;con el personal médico;de 30 a 44 años;más castellano que catalán;población de 15 años o más (miles);;103,4
2008;Catalunya;con el personal médico;de 30 a 44 años;solo castellano;población de 15 años o más (miles);;787,5
2008;Catalunya;con el personal médico;de 30 a 44 años;otra lengua (o lenguas);población de 15 años o más (miles);..;null
2008;Catalunya;con el personal médico;de 30 a 44 años;otras combinaciones de lenguas;población de 15 años o más (miles);..;null
2008;Catalunya;con el personal médico;de 30 a 44 años;No consta;población de 15 años o más (miles);..;null
2008;Catalunya;con el personal médico;de 30 a 44 años;total;población de 15 años o más (miles);;1892,2
2008;Catalunya;con el personal médico;de 45 a 64 años;solo catalán;población de 15 años o más (miles);;621,9
2008;Catalunya;con el personal médico;de 45 a 64 años;más catalán que castellano;población de 15 años o más (miles);;118,2
2008;Catalunya;con el personal médico;de 45 a 64 años;catalán y castellano;población de 15 años o más (miles);;192,2
2008;Catalunya;con el personal médico;de 45 a 64 años;más castellano que catalán;población de 15 años o más (miles);;65,3
2008;Catalunya;con el personal médico;de 45 a 64 años;solo castellano;población de 15 años o más (miles);;736,4
2008;Catalunya;con el personal médico;de 45 a 64 años;otra lengua (o lenguas);población de 15 años o más (miles);..;null
2008;Catalunya;con el personal médico;de 45 a 64 años;otras combinaciones de lenguas;población de 15 años o más (miles);..;null
2008;Catalunya;con el personal médico;de 45 a 64 años;No consta;población de 15 años o más (miles);..;null
2008;Catalunya;con el personal médico;de 45 a 64 años;total;población de 15 años o más (miles);;1748,7
2008;Catalunya;con el personal médico;65 años o más;solo catalán;población de 15 años o más (miles);;489,8
2008;Catalunya;con el personal médico;65 años o más;más catalán que castellano;población de 15 años o más (miles);;69,1
2008;Catalunya;con el personal médico;65 años o más;catalán y castellano;población de 15 años o más (miles);;99,2
2008;Catalunya;con el personal médico;65 años o más;más castellano que catalán;población de 15 años o más (miles);;42,3
2008;Catalunya;con el personal médico;65 años o más;solo castellano;población de 15 años o más (miles);;465,6
2008;Catalunya;con el personal médico;65 años o más;otra lengua (o lenguas);población de 15 años o más (miles);..;null
2008;Catalunya;con el personal médico;65 años o más;otras combinaciones de lenguas;población de 15 años o más (miles);..;null
2008;Catalunya;con el personal médico;65 años o más;No consta;población de 15 años o más (miles);..;null
2008;Catalunya;con el personal médico;65 años o más;total;población de 15 años o más (miles);;1174,6
2008;Catalunya;con el personal médico;total;solo catalán;población de 15 años o más (miles);;2119,9
2008;Catalunya;con el personal médico;total;más catalán que castellano;población de 15 años o más (miles);;441,1
2008;Catalunya;con el personal médico;total;catalán y castellano;población de 15 años o más (miles);;713,9
2008;Catalunya;con el personal médico;total;más castellano que catalán;población de 15 años o más (miles);;314,6
2008;Catalunya;con el personal médico;total;solo castellano;población de 15 años o más (miles);;2520,9
2008;Catalunya;con el personal médico;total;otra lengua (o lenguas);población de 15 años o más (miles);;6,8
2008;Catalunya;con el personal médico;total;otras combinaciones de lenguas;población de 15 años o más (miles);;9,8
2008;Catalunya;con el personal médico;total;No consta;población de 15 años o más (miles);;35,7
2008;Catalunya;con el personal médico;total;total;población de 15 años o más (miles);;6162,5
2008;Catalunya;al escribir notas personales;de 15 a 29 años;solo catalán;población de 15 años o más (miles);;376,1
2008;Catalunya;al escribir notas personales;de 15 a 29 años;más catalán que castellano;población de 15 años o más (miles);;57,0
2008;Catalunya;al escribir notas personales;de 15 a 29 años;catalán y castellano;población de 15 años o más (miles);;113,5
2008;Catalunya;al escribir notas personales;de 15 a 29 años;más castellano que catalán;población de 15 años o más (miles);;67,6
2008;Catalunya;al escribir notas personales;de 15 a 29 años;solo castellano;población de 15 años o más (miles);;600,8
2008;Catalunya;al escribir notas personales;de 15 a 29 años;otra lengua (o lenguas);población de 15 años o más (miles);;86,7
2008;Catalunya;al escribir notas personales;de 15 a 29 años;otras combinaciones de lenguas;población de 15 años o más (miles);;30,1
2008;Catalunya;al escribir notas personales;de 15 a 29 años;No consta;población de 15 años o más (miles);;15,3
2008;Catalunya;al escribir notas personales;de 15 a 29 años;total;población de 15 años o más (miles);;1347,1
2008;Catalunya;al escribir notas personales;de 30 a 44 años;solo catalán;población de 15 años o más (miles);;491,9
2008;Catalunya;al escribir notas personales;de 30 a 44 años;más catalán que castellano;población de 15 años o más (miles);;61,7
2008;Catalunya;al escribir notas personales;de 30 a 44 años;catalán y castellano;población de 15 años o más (miles);;145,8
2008;Catalunya;al escribir notas personales;de 30 a 44 años;más castellano que catalán;población de 15 años o más (miles);;68,0
2008;Catalunya;al escribir notas personales;de 30 a 44 años;solo castellano;población de 15 años o más (miles);;955,1
2008;Catalunya;al escribir notas personales;de 30 a 44 años;otra lengua (o lenguas);población de 15 años o más (miles);;116,9
2008;Catalunya;al escribir notas personales;de 30 a 44 años;otras combinaciones de lenguas;población de 15 años o más (miles);;41,2
2008;Catalunya;al escribir notas personales;de 30 a 44 años;No consta;población de 15 años o más (miles);;11,7
2008;Catalunya;al escribir notas personales;de 30 a 44 años;total;población de 15 años o más (miles);;1892,2
2008;Catalunya;al escribir notas personales;de 45 a 64 años;solo catalán;población de 15 años o más (miles);;420,8
2008;Catalunya;al escribir notas personales;de 45 a 64 años;más catalán que castellano;población de 15 años o más (miles);;43,4
2008;Catalunya;al escribir notas personales;de 45 a 64 años;catalán y castellano;población de 15 años o más (miles);;118,8
2008;Catalunya;al escribir notas personales;de 45 a 64 años;más castellano que catalán;población de 15 años o más (miles);;74,7
2008;Catalunya;al escribir notas personales;de 45 a 64 años;solo castellano;población de 15 años o más (miles);;1012,1
2008;Catalunya;al escribir notas personales;de 45 a 64 años;otra lengua (o lenguas);población de 15 años o más (miles);;43,2
2008;Catalunya;al escribir notas personales;de 45 a 64 años;otras combinaciones de lenguas;población de 15 años o más (miles);;17,1
2008;Catalunya;al escribir notas personales;de 45 a 64 años;No consta;población de 15 años o más (miles);;18,7
2008;Catalunya;al escribir notas personales;de 45 a 64 años;total;población de 15 años o más (miles);;1748,7
2008;Catalunya;al escribir notas personales;65 años o más;solo catalán;población de 15 años o más (miles);;265,9
2008;Catalunya;al escribir notas personales;65 años o más;más catalán que castellano;población de 15 años o más (miles);;41,0
2008;Catalunya;al escribir notas personales;65 años o más;catalán y castellano;población de 15 años o más (miles);;45,2
2008;Catalunya;al escribir notas personales;65 años o más;más castellano que catalán;población de 15 años o más (miles);;36,6
2008;Catalunya;al escribir notas personales;65 años o más;solo castellano;población de 15 años o más (miles);;694,6
2008;Catalunya;al escribir notas personales;65 años o más;otra lengua (o lenguas);población de 15 años o más (miles);..;null
2008;Catalunya;al escribir notas personales;65 años o más;otras combinaciones de lenguas;población de 15 años o más (miles);..;null
2008;Catalunya;al escribir notas personales;65 años o más;No consta;población de 15 años o más (miles);;72,4
2008;Catalunya;al escribir notas personales;65 años o más;total;población de 15 años o más (miles);;1174,6
2008;Catalunya;al escribir notas personales;total;solo catalán;población de 15 años o más (miles);;1554,6
2008;Catalunya;al escribir notas personales;total;más catalán que castellano;población de 15 años o más (miles);;203,0
2008;Catalunya;al escribir notas personales;total;catalán y castellano;población de 15 años o más (miles);;423,3
2008;Catalunya;al escribir notas personales;total;más castellano que catalán;población de 15 años o más (miles);;246,8
2008;Catalunya;al escribir notas personales;total;solo castellano;población de 15 años o más (miles);;3262,6
2008;Catalunya;al escribir notas personales;total;otra lengua (o lenguas);población de 15 años o más (miles);;259,5
2008;Catalunya;al escribir notas personales;total;otras combinaciones de lenguas;población de 15 años o más (miles);;94,7
2008;Catalunya;al escribir notas personales;total;No consta;población de 15 años o más (miles);;118,0
2008;Catalunya;al escribir notas personales;total;total;población de 15 años o más (miles);;6162,5
