año;Cataluña;ámbitos de uso de la lengua;lugar de nacimiento;usos lingüísticos;concepto;estado;valor
2008;Catalunya;con los miembros del hogar;Cataluña;solo catalán;población de 15 años o más (miles);;1668,5
2008;Catalunya;con los miembros del hogar;Cataluña;más catalán que castellano;población de 15 años o más (miles);;157,2
2008;Catalunya;con los miembros del hogar;Cataluña;catalán y castellano;población de 15 años o más (miles);;342,0
2008;Catalunya;con los miembros del hogar;Cataluña;más castellano que catalán;población de 15 años o más (miles);;199,6
2008;Catalunya;con los miembros del hogar;Cataluña;solo castellano;población de 15 años o más (miles);;975,6
2008;Catalunya;con los miembros del hogar;Cataluña;otra lengua (o lenguas);población de 15 años o más (miles);;6,1
2008;Catalunya;con los miembros del hogar;Cataluña;otras combinaciones de lenguas;población de 15 años o más (miles);;15,0
2008;Catalunya;con los miembros del hogar;Cataluña;No consta;población de 15 años o más (miles);..;null
2008;Catalunya;con los miembros del hogar;Cataluña;total;población de 15 años o más (miles);;3365,2
2008;Catalunya;con los miembros del hogar;resto de España;solo catalán;población de 15 años o más (miles);;92,2
2008;Catalunya;con los miembros del hogar;resto de España;más catalán que castellano;población de 15 años o más (miles);;40,3
2008;Catalunya;con los miembros del hogar;resto de España;catalán y castellano;población de 15 años o más (miles);;95,9
2008;Catalunya;con los miembros del hogar;resto de España;más castellano que catalán;población de 15 años o más (miles);;103,3
2008;Catalunya;con los miembros del hogar;resto de España;solo castellano;población de 15 años o más (miles);;959,1
2008;Catalunya;con los miembros del hogar;resto de España;otra lengua (o lenguas);población de 15 años o más (miles);..;null
2008;Catalunya;con los miembros del hogar;resto de España;otras combinaciones de lenguas;población de 15 años o más (miles);;10,1
2008;Catalunya;con los miembros del hogar;resto de España;No consta;población de 15 años o más (miles);..;null
2008;Catalunya;con los miembros del hogar;resto de España;total;población de 15 años o más (miles);;1310,5
2008;Catalunya;con los miembros del hogar;extranjero;solo catalán;población de 15 años o más (miles);;34,8
2008;Catalunya;con los miembros del hogar;extranjero;más catalán que castellano;población de 15 años o más (miles);..;null
2008;Catalunya;con los miembros del hogar;extranjero;catalán y castellano;población de 15 años o más (miles);;30,4
2008;Catalunya;con los miembros del hogar;extranjero;más castellano que catalán;población de 15 años o más (miles);;37,2
2008;Catalunya;con los miembros del hogar;extranjero;solo castellano;población de 15 años o más (miles);;481,9
2008;Catalunya;con los miembros del hogar;extranjero;otra lengua (o lenguas);población de 15 años o más (miles);;297,2
2008;Catalunya;con los miembros del hogar;extranjero;otras combinaciones de lenguas;población de 15 años o más (miles);;110,7
2008;Catalunya;con los miembros del hogar;extranjero;No consta;población de 15 años o más (miles);..;null
2008;Catalunya;con los miembros del hogar;extranjero;total;población de 15 años o más (miles);;1001,0
2008;Catalunya;con los miembros del hogar;total;solo catalán;población de 15 años o más (miles);;1795,5
2008;Catalunya;con los miembros del hogar;total;más catalán que castellano;población de 15 años o más (miles);;204,4
2008;Catalunya;con los miembros del hogar;total;catalán y castellano;población de 15 años o más (miles);;468,3
2008;Catalunya;con los miembros del hogar;total;más castellano que catalán;población de 15 años o más (miles);;340,0
2008;Catalunya;con los miembros del hogar;total;solo castellano;población de 15 años o más (miles);;2416,5
2008;Catalunya;con los miembros del hogar;total;otra lengua (o lenguas);población de 15 años o más (miles);;313,0
2008;Catalunya;con los miembros del hogar;total;otras combinaciones de lenguas;población de 15 años o más (miles);;135,7
2008;Catalunya;con los miembros del hogar;total;No consta;población de 15 años o más (miles);..;null
2008;Catalunya;con los miembros del hogar;total;total;población de 15 años o más (miles);;5676,8
2008;Catalunya;con los amigos;Cataluña;solo catalán;población de 15 años o más (miles);;1277,9
2008;Catalunya;con los amigos;Cataluña;más catalán que castellano;población de 15 años o más (miles);;565,6
2008;Catalunya;con los amigos;Cataluña;catalán y castellano;población de 15 años o más (miles);;752,7
2008;Catalunya;con los amigos;Cataluña;más castellano que catalán;población de 15 años o más (miles);;308,7
2008;Catalunya;con los amigos;Cataluña;solo castellano;población de 15 años o más (miles);;675,3
2008;Catalunya;con los amigos;Cataluña;otra lengua (o lenguas);población de 15 años o más (miles);;3,2
2008;Catalunya;con los amigos;Cataluña;otras combinaciones de lenguas;población de 15 años o más (miles);;21,0
2008;Catalunya;con los amigos;Cataluña;No consta;población de 15 años o más (miles);..;null
2008;Catalunya;con los amigos;Cataluña;total;población de 15 años o más (miles);;3614,3
2008;Catalunya;con los amigos;resto de España;solo catalán;población de 15 años o más (miles);;75,8
2008;Catalunya;con los amigos;resto de España;más catalán que castellano;población de 15 años o más (miles);;77,9
2008;Catalunya;con los amigos;resto de España;catalán y castellano;población de 15 años o más (miles);;214,2
2008;Catalunya;con los amigos;resto de España;más castellano que catalán;población de 15 años o más (miles);;180,2
2008;Catalunya;con los amigos;resto de España;solo castellano;población de 15 años o más (miles);;929,8
2008;Catalunya;con los amigos;resto de España;otra lengua (o lenguas);población de 15 años o más (miles);..;null
2008;Catalunya;con los amigos;resto de España;otras combinaciones de lenguas;población de 15 años o más (miles);;11,6
2008;Catalunya;con los amigos;resto de España;No consta;población de 15 años o más (miles);..;null
2008;Catalunya;con los amigos;resto de España;total;población de 15 años o más (miles);;1498,2
2008;Catalunya;con los amigos;extranjero;solo catalán;población de 15 años o más (miles);;32,8
2008;Catalunya;con los amigos;extranjero;más catalán que castellano;población de 15 años o más (miles);..;null
2008;Catalunya;con los amigos;extranjero;catalán y castellano;población de 15 años o más (miles);;70,5
2008;Catalunya;con los amigos;extranjero;más castellano que catalán;población de 15 años o más (miles);;63,6
2008;Catalunya;con los amigos;extranjero;solo castellano;población de 15 años o más (miles);;485,6
2008;Catalunya;con los amigos;extranjero;otra lengua (o lenguas);población de 15 años o más (miles);;163,0
2008;Catalunya;con los amigos;extranjero;otras combinaciones de lenguas;población de 15 años o más (miles);;210,0
2008;Catalunya;con los amigos;extranjero;No consta;población de 15 años o más (miles);..;null
2008;Catalunya;con los amigos;extranjero;total;población de 15 años o más (miles);;1050,1
2008;Catalunya;con los amigos;total;solo catalán;población de 15 años o más (miles);;1386,5
2008;Catalunya;con los amigos;total;más catalán que castellano;población de 15 años o más (miles);;662,9
2008;Catalunya;con los amigos;total;catalán y castellano;población de 15 años o más (miles);;1037,3
2008;Catalunya;con los amigos;total;más castellano que catalán;población de 15 años o más (miles);;552,5
2008;Catalunya;con los amigos;total;solo castellano;población de 15 años o más (miles);;2090,6
2008;Catalunya;con los amigos;total;otra lengua (o lenguas);población de 15 años o más (miles);;167,0
2008;Catalunya;con los amigos;total;otras combinaciones de lenguas;población de 15 años o más (miles);;242,7
2008;Catalunya;con los amigos;total;No consta;población de 15 años o más (miles);;23,1
2008;Catalunya;con los amigos;total;total;población de 15 años o más (miles);;6162,5
2008;Catalunya;con los vecinos;Cataluña;solo catalán;población de 15 años o más (miles);;1248,7
2008;Catalunya;con los vecinos;Cataluña;más catalán que castellano;población de 15 años o más (miles);;492,5
2008;Catalunya;con los vecinos;Cataluña;catalán y castellano;población de 15 años o más (miles);;724,1
2008;Catalunya;con los vecinos;Cataluña;más castellano que catalán;población de 15 años o más (miles);;307,4
2008;Catalunya;con los vecinos;Cataluña;solo castellano;población de 15 años o más (miles);;795,5
2008;Catalunya;con los vecinos;Cataluña;otra lengua (o lenguas);población de 15 años o más (miles);;1,3
2008;Catalunya;con los vecinos;Cataluña;otras combinaciones de lenguas;población de 15 años o más (miles);;7,8
2008;Catalunya;con los vecinos;Cataluña;No consta;población de 15 años o más (miles);;37,1
2008;Catalunya;con los vecinos;Cataluña;total;población de 15 años o más (miles);;3614,3
2008;Catalunya;con los vecinos;resto de España;solo catalán;población de 15 años o más (miles);;103,3
2008;Catalunya;con los vecinos;resto de España;más catalán que castellano;población de 15 años o más (miles);;73,4
2008;Catalunya;con los vecinos;resto de España;catalán y castellano;población de 15 años o más (miles);;212,9
2008;Catalunya;con los vecinos;resto de España;más castellano que catalán;población de 15 años o más (miles);;158,8
2008;Catalunya;con los vecinos;resto de España;solo castellano;población de 15 años o más (miles);;932,8
2008;Catalunya;con los vecinos;resto de España;otra lengua (o lenguas);población de 15 años o más (miles);..;null
2008;Catalunya;con los vecinos;resto de España;otras combinaciones de lenguas;población de 15 años o más (miles);..;null
2008;Catalunya;con los vecinos;resto de España;No consta;población de 15 años o más (miles);..;null
2008;Catalunya;con los vecinos;resto de España;total;población de 15 años o más (miles);;1498,2
2008;Catalunya;con los vecinos;extranjero;solo catalán;población de 15 años o más (miles);;47,9
2008;Catalunya;con los vecinos;extranjero;más catalán que castellano;población de 15 años o más (miles);;18,6
2008;Catalunya;con los vecinos;extranjero;catalán y castellano;población de 15 años o más (miles);;79,7
2008;Catalunya;con los vecinos;extranjero;más castellano que catalán;población de 15 años o más (miles);;66,2
2008;Catalunya;con los vecinos;extranjero;solo castellano;población de 15 años o más (miles);;746,6
2008;Catalunya;con los vecinos;extranjero;otra lengua (o lenguas);población de 15 años o más (miles);;20,4
2008;Catalunya;con los vecinos;extranjero;otras combinaciones de lenguas;población de 15 años o más (miles);;48,5
2008;Catalunya;con los vecinos;extranjero;No consta;población de 15 años o más (miles);;22,2
2008;Catalunya;con los vecinos;extranjero;total;población de 15 años o más (miles);;1050,1
2008;Catalunya;con los vecinos;total;solo catalán;población de 15 años o más (miles);;1399,8
2008;Catalunya;con los vecinos;total;más catalán que castellano;población de 15 años o más (miles);;584,4
2008;Catalunya;con los vecinos;total;catalán y castellano;población de 15 años o más (miles);;1016,8
2008;Catalunya;con los vecinos;total;más castellano que catalán;población de 15 años o más (miles);;532,4
2008;Catalunya;con los vecinos;total;solo castellano;población de 15 años o más (miles);;2474,9
2008;Catalunya;con los vecinos;total;otra lengua (o lenguas);población de 15 años o más (miles);;22,7
2008;Catalunya;con los vecinos;total;otras combinaciones de lenguas;población de 15 años o más (miles);;58,7
2008;Catalunya;con los vecinos;total;No consta;población de 15 años o más (miles);;72,7
2008;Catalunya;con los vecinos;total;total;población de 15 años o más (miles);;6162,5
2008;Catalunya;con los compañeros de estudio;Cataluña;solo catalán;población de 15 años o más (miles);;291,4
2008;Catalunya;con los compañeros de estudio;Cataluña;más catalán que castellano;población de 15 años o más (miles);;131,6
2008;Catalunya;con los compañeros de estudio;Cataluña;catalán y castellano;población de 15 años o más (miles);;144,1
2008;Catalunya;con los compañeros de estudio;Cataluña;más castellano que catalán;población de 15 años o más (miles);;61,3
2008;Catalunya;con los compañeros de estudio;Cataluña;solo castellano;población de 15 años o más (miles);;97,6
2008;Catalunya;con los compañeros de estudio;Cataluña;otra lengua (o lenguas);población de 15 años o más (miles);..;null
2008;Catalunya;con los compañeros de estudio;Cataluña;otras combinaciones de lenguas;población de 15 años o más (miles);;15,7
2008;Catalunya;con los compañeros de estudio;Cataluña;No consta;población de 15 años o más (miles);..;null
2008;Catalunya;con los compañeros de estudio;Cataluña;total;población de 15 años o más (miles);;759,2
2008;Catalunya;con los compañeros de estudio;resto de España;solo catalán;población de 15 años o más (miles);;16,9
2008;Catalunya;con los compañeros de estudio;resto de España;más catalán que castellano;población de 15 años o más (miles);..;null
2008;Catalunya;con los compañeros de estudio;resto de España;catalán y castellano;población de 15 años o más (miles);;24,2
2008;Catalunya;con los compañeros de estudio;resto de España;más castellano que catalán;población de 15 años o más (miles);..;null
2008;Catalunya;con los compañeros de estudio;resto de España;solo castellano;población de 15 años o más (miles);;16,5
2008;Catalunya;con los compañeros de estudio;resto de España;otra lengua (o lenguas);población de 15 años o más (miles);..;null
2008;Catalunya;con los compañeros de estudio;resto de España;otras combinaciones de lenguas;población de 15 años o más (miles);..;null
2008;Catalunya;con los compañeros de estudio;resto de España;No consta;población de 15 años o más (miles);..;null
2008;Catalunya;con los compañeros de estudio;resto de España;total;población de 15 años o más (miles);;72,5
2008;Catalunya;con los compañeros de estudio;extranjero;solo catalán;población de 15 años o más (miles);;21,5
2008;Catalunya;con los compañeros de estudio;extranjero;más catalán que castellano;población de 15 años o más (miles);..;null
2008;Catalunya;con los compañeros de estudio;extranjero;catalán y castellano;población de 15 años o más (miles);..;null
2008;Catalunya;con los compañeros de estudio;extranjero;más castellano que catalán;población de 15 años o más (miles);..;null
2008;Catalunya;con los compañeros de estudio;extranjero;solo castellano;población de 15 años o más (miles);;73,4
2008;Catalunya;con los compañeros de estudio;extranjero;otra lengua (o lenguas);población de 15 años o más (miles);..;null
2008;Catalunya;con los compañeros de estudio;extranjero;otras combinaciones de lenguas;población de 15 años o más (miles);..;null
2008;Catalunya;con los compañeros de estudio;extranjero;No consta;población de 15 años o más (miles);..;null
2008;Catalunya;con los compañeros de estudio;extranjero;total;población de 15 años o más (miles);;155,3
2008;Catalunya;con los compañeros de estudio;total;solo catalán;población de 15 años o más (miles);;329,7
2008;Catalunya;con los compañeros de estudio;total;más catalán que castellano;población de 15 años o más (miles);;151,2
2008;Catalunya;con los compañeros de estudio;total;catalán y castellano;población de 15 años o más (miles);;188,0
2008;Catalunya;con los compañeros de estudio;total;más castellano que catalán;población de 15 años o más (miles);;76,1
2008;Catalunya;con los compañeros de estudio;total;solo castellano;población de 15 años o más (miles);;187,5
2008;Catalunya;con los compañeros de estudio;total;otra lengua (o lenguas);población de 15 años o más (miles);..;null
2008;Catalunya;con los compañeros de estudio;total;otras combinaciones de lenguas;población de 15 años o más (miles);;26,5
2008;Catalunya;con los compañeros de estudio;total;No consta;población de 15 años o más (miles);..;null
2008;Catalunya;con los compañeros de estudio;total;total;población de 15 años o más (miles);;986,9
2008;Catalunya;con los compañeros de trabajo;Cataluña;solo catalán;población de 15 años o más (miles);;708,7
2008;Catalunya;con los compañeros de trabajo;Cataluña;más catalán que castellano;población de 15 años o más (miles);;307,7
2008;Catalunya;con los compañeros de trabajo;Cataluña;catalán y castellano;población de 15 años o más (miles);;477,2
2008;Catalunya;con los compañeros de trabajo;Cataluña;más castellano que catalán;población de 15 años o más (miles);;192,5
2008;Catalunya;con los compañeros de trabajo;Cataluña;solo castellano;población de 15 años o más (miles);;396,8
2008;Catalunya;con los compañeros de trabajo;Cataluña;otra lengua (o lenguas);población de 15 años o más (miles);;3,9
2008;Catalunya;con los compañeros de trabajo;Cataluña;otras combinaciones de lenguas;población de 15 años o más (miles);;26,7
2008;Catalunya;con los compañeros de trabajo;Cataluña;No consta;población de 15 años o más (miles);;19,6
2008;Catalunya;con los compañeros de trabajo;Cataluña;total;población de 15 años o más (miles);;2133,1
2008;Catalunya;con los compañeros de trabajo;resto de España;solo catalán;población de 15 años o más (miles);;55,2
2008;Catalunya;con los compañeros de trabajo;resto de España;más catalán que castellano;población de 15 años o más (miles);;45,1
2008;Catalunya;con los compañeros de trabajo;resto de España;catalán y castellano;población de 15 años o más (miles);;116,5
2008;Catalunya;con los compañeros de trabajo;resto de España;más castellano que catalán;población de 15 años o más (miles);;98,5
2008;Catalunya;con los compañeros de trabajo;resto de España;solo castellano;población de 15 años o más (miles);;257,7
2008;Catalunya;con los compañeros de trabajo;resto de España;otra lengua (o lenguas);población de 15 años o más (miles);..;null
2008;Catalunya;con los compañeros de trabajo;resto de España;otras combinaciones de lenguas;población de 15 años o más (miles);..;null
2008;Catalunya;con los compañeros de trabajo;resto de España;No consta;población de 15 años o más (miles);..;null
2008;Catalunya;con los compañeros de trabajo;resto de España;total;población de 15 años o más (miles);;587,9
2008;Catalunya;con los compañeros de trabajo;extranjero;solo catalán;población de 15 años o más (miles);;32,0
2008;Catalunya;con los compañeros de trabajo;extranjero;más catalán que castellano;población de 15 años o más (miles);..;null
2008;Catalunya;con los compañeros de trabajo;extranjero;catalán y castellano;población de 15 años o más (miles);;72,2
2008;Catalunya;con los compañeros de trabajo;extranjero;más castellano que catalán;población de 15 años o más (miles);;44,5
2008;Catalunya;con los compañeros de trabajo;extranjero;solo castellano;población de 15 años o más (miles);;455,2
2008;Catalunya;con los compañeros de trabajo;extranjero;otra lengua (o lenguas);población de 15 años o más (miles);;30,1
2008;Catalunya;con los compañeros de trabajo;extranjero;otras combinaciones de lenguas;población de 15 años o más (miles);;75,5
2008;Catalunya;con los compañeros de trabajo;extranjero;No consta;población de 15 años o más (miles);..;null
2008;Catalunya;con los compañeros de trabajo;extranjero;total;población de 15 años o más (miles);;732,5
2008;Catalunya;con los compañeros de trabajo;total;solo catalán;población de 15 años o más (miles);;795,9
2008;Catalunya;con los compañeros de trabajo;total;más catalán que castellano;población de 15 años o más (miles);;363,8
2008;Catalunya;con los compañeros de trabajo;total;catalán y castellano;población de 15 años o más (miles);;666,0
2008;Catalunya;con los compañeros de trabajo;total;más castellano que catalán;población de 15 años o más (miles);;335,5
2008;Catalunya;con los compañeros de trabajo;total;solo castellano;población de 15 años o más (miles);;1109,7
2008;Catalunya;con los compañeros de trabajo;total;otra lengua (o lenguas);población de 15 años o más (miles);;34,3
2008;Catalunya;con los compañeros de trabajo;total;otras combinaciones de lenguas;población de 15 años o más (miles);;107,2
2008;Catalunya;con los compañeros de trabajo;total;No consta;población de 15 años o más (miles);;41,2
2008;Catalunya;con los compañeros de trabajo;total;total;población de 15 años o más (miles);;3453,5
2008;Catalunya;en el pequeño comercio;Cataluña;solo catalán;población de 15 años o más (miles);;1576,4
2008;Catalunya;en el pequeño comercio;Cataluña;más catalán que castellano;población de 15 años o más (miles);;564,0
2008;Catalunya;en el pequeño comercio;Cataluña;catalán y castellano;población de 15 años o más (miles);;626,6
2008;Catalunya;en el pequeño comercio;Cataluña;más castellano que catalán;población de 15 años o más (miles);;245,7
2008;Catalunya;en el pequeño comercio;Cataluña;solo castellano;población de 15 años o más (miles);;566,8
2008;Catalunya;en el pequeño comercio;Cataluña;otra lengua (o lenguas);población de 15 años o más (miles);;3,9
2008;Catalunya;en el pequeño comercio;Cataluña;otras combinaciones de lenguas;población de 15 años o más (miles);;7,0
2008;Catalunya;en el pequeño comercio;Cataluña;No consta;población de 15 años o más (miles);;23,9
2008;Catalunya;en el pequeño comercio;Cataluña;total;población de 15 años o más (miles);;3614,3
2008;Catalunya;en el pequeño comercio;resto de España;solo catalán;población de 15 años o más (miles);;132,0
2008;Catalunya;en el pequeño comercio;resto de España;más catalán que castellano;población de 15 años o más (miles);;91,5
2008;Catalunya;en el pequeño comercio;resto de España;catalán y castellano;población de 15 años o más (miles);;203,1
2008;Catalunya;en el pequeño comercio;resto de España;más castellano que catalán;población de 15 años o más (miles);;153,7
2008;Catalunya;en el pequeño comercio;resto de España;solo castellano;población de 15 años o más (miles);;897,8
2008;Catalunya;en el pequeño comercio;resto de España;otra lengua (o lenguas);población de 15 años o más (miles);..;null
2008;Catalunya;en el pequeño comercio;resto de España;otras combinaciones de lenguas;población de 15 años o más (miles);..;null
2008;Catalunya;en el pequeño comercio;resto de España;No consta;población de 15 años o más (miles);;18,5
2008;Catalunya;en el pequeño comercio;resto de España;total;población de 15 años o más (miles);;1498,2
2008;Catalunya;en el pequeño comercio;extranjero;solo catalán;población de 15 años o más (miles);;58,0
2008;Catalunya;en el pequeño comercio;extranjero;más catalán que castellano;población de 15 años o más (miles);;21,8
2008;Catalunya;en el pequeño comercio;extranjero;catalán y castellano;población de 15 años o más (miles);;91,1
2008;Catalunya;en el pequeño comercio;extranjero;más castellano que catalán;población de 15 años o más (miles);;61,6
2008;Catalunya;en el pequeño comercio;extranjero;solo castellano;población de 15 años o más (miles);;756,6
2008;Catalunya;en el pequeño comercio;extranjero;otra lengua (o lenguas);población de 15 años o más (miles);..;null
2008;Catalunya;en el pequeño comercio;extranjero;otras combinaciones de lenguas;población de 15 años o más (miles);;47,9
2008;Catalunya;en el pequeño comercio;extranjero;No consta;población de 15 años o más (miles);..;null
2008;Catalunya;en el pequeño comercio;extranjero;total;población de 15 años o más (miles);;1050,1
2008;Catalunya;en el pequeño comercio;total;solo catalán;población de 15 años o más (miles);;1766,4
2008;Catalunya;en el pequeño comercio;total;más catalán que castellano;población de 15 años o más (miles);;677,3
2008;Catalunya;en el pequeño comercio;total;catalán y castellano;población de 15 años o más (miles);;920,7
2008;Catalunya;en el pequeño comercio;total;más castellano que catalán;población de 15 años o más (miles);;461,0
2008;Catalunya;en el pequeño comercio;total;solo castellano;población de 15 años o más (miles);;2221,1
2008;Catalunya;en el pequeño comercio;total;otra lengua (o lenguas);población de 15 años o más (miles);;11,6
2008;Catalunya;en el pequeño comercio;total;otras combinaciones de lenguas;población de 15 años o más (miles);;55,1
2008;Catalunya;en el pequeño comercio;total;No consta;población de 15 años o más (miles);;49,3
2008;Catalunya;en el pequeño comercio;total;total;población de 15 años o más (miles);;6162,5
2008;Catalunya;en el gran comercio;Cataluña;solo catalán;población de 15 años o más (miles);;1315,1
2008;Catalunya;en el gran comercio;Cataluña;más catalán que castellano;población de 15 años o más (miles);;521,6
2008;Catalunya;en el gran comercio;Cataluña;catalán y castellano;población de 15 años o más (miles);;679,4
2008;Catalunya;en el gran comercio;Cataluña;más castellano que catalán;población de 15 años o más (miles);;369,5
2008;Catalunya;en el gran comercio;Cataluña;solo castellano;población de 15 años o más (miles);;677,4
2008;Catalunya;en el gran comercio;Cataluña;otra lengua (o lenguas);población de 15 años o más (miles);..;null
2008;Catalunya;en el gran comercio;Cataluña;otras combinaciones de lenguas;población de 15 años o más (miles);;3,6
2008;Catalunya;en el gran comercio;Cataluña;No consta;población de 15 años o más (miles);;47,5
2008;Catalunya;en el gran comercio;Cataluña;total;población de 15 años o más (miles);;3614,3
2008;Catalunya;en el gran comercio;resto de España;solo catalán;población de 15 años o más (miles);;117,0
2008;Catalunya;en el gran comercio;resto de España;más catalán que castellano;población de 15 años o más (miles);;67,8
2008;Catalunya;en el gran comercio;resto de España;catalán y castellano;población de 15 años o más (miles);;187,6
2008;Catalunya;en el gran comercio;resto de España;más castellano que catalán;población de 15 años o más (miles);;155,9
2008;Catalunya;en el gran comercio;resto de España;solo castellano;población de 15 años o más (miles);;937,0
2008;Catalunya;en el gran comercio;resto de España;otra lengua (o lenguas);población de 15 años o más (miles);..;null
2008;Catalunya;en el gran comercio;resto de España;otras combinaciones de lenguas;población de 15 años o más (miles);..;null
2008;Catalunya;en el gran comercio;resto de España;No consta;población de 15 años o más (miles);;30,5
2008;Catalunya;en el gran comercio;resto de España;total;población de 15 años o más (miles);;1498,2
2008;Catalunya;en el gran comercio;extranjero;solo catalán;población de 15 años o más (miles);;40,9
2008;Catalunya;en el gran comercio;extranjero;más catalán que castellano;población de 15 años o más (miles);;18,9
2008;Catalunya;en el gran comercio;extranjero;catalán y castellano;población de 15 años o más (miles);;85,7
2008;Catalunya;en el gran comercio;extranjero;más castellano que catalán;población de 15 años o más (miles);;59,8
2008;Catalunya;en el gran comercio;extranjero;solo castellano;población de 15 años o más (miles);;811,6
2008;Catalunya;en el gran comercio;extranjero;otra lengua (o lenguas);población de 15 años o más (miles);..;null
2008;Catalunya;en el gran comercio;extranjero;otras combinaciones de lenguas;población de 15 años o más (miles);;16,2
2008;Catalunya;en el gran comercio;extranjero;No consta;población de 15 años o más (miles);..;null
2008;Catalunya;en el gran comercio;extranjero;total;población de 15 años o más (miles);;1050,1
2008;Catalunya;en el gran comercio;total;solo catalán;población de 15 años o más (miles);;1472,9
2008;Catalunya;en el gran comercio;total;más catalán que castellano;población de 15 años o más (miles);;608,3
2008;Catalunya;en el gran comercio;total;catalán y castellano;población de 15 años o más (miles);;952,7
2008;Catalunya;en el gran comercio;total;más castellano que catalán;población de 15 años o más (miles);;585,2
2008;Catalunya;en el gran comercio;total;solo castellano;población de 15 años o más (miles);;2425,9
2008;Catalunya;en el gran comercio;total;otra lengua (o lenguas);población de 15 años o más (miles);..;null
2008;Catalunya;en el gran comercio;total;otras combinaciones de lenguas;población de 15 años o más (miles);;19,9
2008;Catalunya;en el gran comercio;total;No consta;población de 15 años o más (miles);;92,5
2008;Catalunya;en el gran comercio;total;total;población de 15 años o más (miles);;6162,5
2008;Catalunya;en la entidad financiera;Cataluña;solo catalán;población de 15 años o más (miles);;2026,8
2008;Catalunya;en la entidad financiera;Cataluña;más catalán que castellano;población de 15 años o más (miles);;355,4
2008;Catalunya;en la entidad financiera;Cataluña;catalán y castellano;población de 15 años o más (miles);;432,0
2008;Catalunya;en la entidad financiera;Cataluña;más castellano que catalán;población de 15 años o más (miles);;176,4
2008;Catalunya;en la entidad financiera;Cataluña;solo castellano;población de 15 años o más (miles);;562,8
2008;Catalunya;en la entidad financiera;Cataluña;otra lengua (o lenguas);población de 15 años o más (miles);;1,1
2008;Catalunya;en la entidad financiera;Cataluña;otras combinaciones de lenguas;población de 15 años o más (miles);;3,0
2008;Catalunya;en la entidad financiera;Cataluña;No consta;población de 15 años o más (miles);;56,8
2008;Catalunya;en la entidad financiera;Cataluña;total;población de 15 años o más (miles);;3614,3
2008;Catalunya;en la entidad financiera;resto de España;solo catalán;población de 15 años o más (miles);;208,9
2008;Catalunya;en la entidad financiera;resto de España;más catalán que castellano;población de 15 años o más (miles);;74,6
2008;Catalunya;en la entidad financiera;resto de España;catalán y castellano;población de 15 años o más (miles);;156,5
2008;Catalunya;en la entidad financiera;resto de España;más castellano que catalán;población de 15 años o más (miles);;103,9
2008;Catalunya;en la entidad financiera;resto de España;solo castellano;población de 15 años o más (miles);;936,1
2008;Catalunya;en la entidad financiera;resto de España;otra lengua (o lenguas);población de 15 años o más (miles);..;null
2008;Catalunya;en la entidad financiera;resto de España;otras combinaciones de lenguas;población de 15 años o más (miles);..;null
2008;Catalunya;en la entidad financiera;resto de España;No consta;población de 15 años o más (miles);..;null
2008;Catalunya;en la entidad financiera;resto de España;total;población de 15 años o más (miles);;1498,2
2008;Catalunya;en la entidad financiera;extranjero;solo catalán;población de 15 años o más (miles);;79,2
2008;Catalunya;en la entidad financiera;extranjero;más catalán que castellano;población de 15 años o más (miles);;21,4
2008;Catalunya;en la entidad financiera;extranjero;catalán y castellano;población de 15 años o más (miles);;78,2
2008;Catalunya;en la entidad financiera;extranjero;más castellano que catalán;población de 15 años o más (miles);;50,2
2008;Catalunya;en la entidad financiera;extranjero;solo castellano;población de 15 años o más (miles);;792,6
2008;Catalunya;en la entidad financiera;extranjero;otra lengua (o lenguas);población de 15 años o más (miles);..;null
2008;Catalunya;en la entidad financiera;extranjero;otras combinaciones de lenguas;población de 15 años o más (miles);..;null
2008;Catalunya;en la entidad financiera;extranjero;No consta;población de 15 años o más (miles);;16,9
2008;Catalunya;en la entidad financiera;extranjero;total;población de 15 años o más (miles);;1050,1
2008;Catalunya;en la entidad financiera;total;solo catalán;población de 15 años o más (miles);;2315,0
2008;Catalunya;en la entidad financiera;total;más catalán que castellano;población de 15 años o más (miles);;451,4
2008;Catalunya;en la entidad financiera;total;catalán y castellano;población de 15 años o más (miles);;666,7
2008;Catalunya;en la entidad financiera;total;más castellano que catalán;población de 15 años o más (miles);;330,4
2008;Catalunya;en la entidad financiera;total;solo castellano;población de 15 años o más (miles);;2291,6
2008;Catalunya;en la entidad financiera;total;otra lengua (o lenguas);población de 15 años o más (miles);;1,9
2008;Catalunya;en la entidad financiera;total;otras combinaciones de lenguas;población de 15 años o más (miles);;13,8
2008;Catalunya;en la entidad financiera;total;No consta;población de 15 años o más (miles);;91,8
2008;Catalunya;en la entidad financiera;total;total;población de 15 años o más (miles);;6162,5
2008;Catalunya;con el personal médico;Cataluña;solo catalán;población de 15 años o más (miles);;1877,2
2008;Catalunya;con el personal médico;Cataluña;más catalán que castellano;población de 15 años o más (miles);;357,1
2008;Catalunya;con el personal médico;Cataluña;catalán y castellano;población de 15 años o más (miles);;492,6
2008;Catalunya;con el personal médico;Cataluña;más castellano que catalán;población de 15 años o más (miles);;165,8
2008;Catalunya;con el personal médico;Cataluña;solo castellano;población de 15 años o más (miles);;699,2
2008;Catalunya;con el personal médico;Cataluña;otra lengua (o lenguas);población de 15 años o más (miles);;0,5
2008;Catalunya;con el personal médico;Cataluña;otras combinaciones de lenguas;población de 15 años o más (miles);;2,8
2008;Catalunya;con el personal médico;Cataluña;No consta;población de 15 años o más (miles);;19,2
2008;Catalunya;con el personal médico;Cataluña;total;población de 15 años o más (miles);;3614,3
2008;Catalunya;con el personal médico;resto de España;solo catalán;población de 15 años o más (miles);;183,4
2008;Catalunya;con el personal médico;resto de España;más catalán que castellano;población de 15 años o más (miles);;58,8
2008;Catalunya;con el personal médico;resto de España;catalán y castellano;población de 15 años o más (miles);;148,0
2008;Catalunya;con el personal médico;resto de España;más castellano que catalán;población de 15 años o más (miles);;106,5
2008;Catalunya;con el personal médico;resto de España;solo castellano;población de 15 años o más (miles);;993,9
2008;Catalunya;con el personal médico;resto de España;otra lengua (o lenguas);población de 15 años o más (miles);..;null
2008;Catalunya;con el personal médico;resto de España;otras combinaciones de lenguas;población de 15 años o más (miles);..;null
2008;Catalunya;con el personal médico;resto de España;No consta;población de 15 años o más (miles);..;null
2008;Catalunya;con el personal médico;resto de España;total;población de 15 años o más (miles);;1498,2
2008;Catalunya;con el personal médico;extranjero;solo catalán;población de 15 años o más (miles);;59,3
2008;Catalunya;con el personal médico;extranjero;más catalán que castellano;población de 15 años o más (miles);;25,2
2008;Catalunya;con el personal médico;extranjero;catalán y castellano;población de 15 años o más (miles);;73,3
2008;Catalunya;con el personal médico;extranjero;más castellano que catalán;población de 15 años o más (miles);;42,3
2008;Catalunya;con el personal médico;extranjero;solo castellano;población de 15 años o más (miles);;827,8
2008;Catalunya;con el personal médico;extranjero;otra lengua (o lenguas);población de 15 años o más (miles);..;null
2008;Catalunya;con el personal médico;extranjero;otras combinaciones de lenguas;población de 15 años o más (miles);..;null
2008;Catalunya;con el personal médico;extranjero;No consta;población de 15 años o más (miles);..;null
2008;Catalunya;con el personal médico;extranjero;total;población de 15 años o más (miles);;1050,1
2008;Catalunya;con el personal médico;total;solo catalán;población de 15 años o más (miles);;2119,9
2008;Catalunya;con el personal médico;total;más catalán que castellano;población de 15 años o más (miles);;441,1
2008;Catalunya;con el personal médico;total;catalán y castellano;población de 15 años o más (miles);;713,9
2008;Catalunya;con el personal médico;total;más castellano que catalán;población de 15 años o más (miles);;314,6
2008;Catalunya;con el personal médico;total;solo castellano;población de 15 años o más (miles);;2520,9
2008;Catalunya;con el personal médico;total;otra lengua (o lenguas);población de 15 años o más (miles);;6,8
2008;Catalunya;con el personal médico;total;otras combinaciones de lenguas;población de 15 años o más (miles);;9,8
2008;Catalunya;con el personal médico;total;No consta;población de 15 años o más (miles);;35,7
2008;Catalunya;con el personal médico;total;total;población de 15 años o más (miles);;6162,5
2008;Catalunya;al escribir notas personales;Cataluña;solo catalán;población de 15 años o más (miles);;2026,8
2008;Catalunya;al escribir notas personales;Cataluña;más catalán que castellano;población de 15 años o más (miles);;355,4
2008;Catalunya;al escribir notas personales;Cataluña;catalán y castellano;población de 15 años o más (miles);;432,0
2008;Catalunya;al escribir notas personales;Cataluña;más castellano que catalán;población de 15 años o más (miles);;176,4
2008;Catalunya;al escribir notas personales;Cataluña;solo castellano;población de 15 años o más (miles);;562,8
2008;Catalunya;al escribir notas personales;Cataluña;otra lengua (o lenguas);población de 15 años o más (miles);;1,1
2008;Catalunya;al escribir notas personales;Cataluña;otras combinaciones de lenguas;población de 15 años o más (miles);;3,0
2008;Catalunya;al escribir notas personales;Cataluña;No consta;población de 15 años o más (miles);;56,8
2008;Catalunya;al escribir notas personales;Cataluña;total;población de 15 años o más (miles);;3614,3
2008;Catalunya;al escribir notas personales;resto de España;solo catalán;población de 15 años o más (miles);;208,9
2008;Catalunya;al escribir notas personales;resto de España;más catalán que castellano;población de 15 años o más (miles);;74,6
2008;Catalunya;al escribir notas personales;resto de España;catalán y castellano;población de 15 años o más (miles);;156,5
2008;Catalunya;al escribir notas personales;resto de España;más castellano que catalán;población de 15 años o más (miles);;103,9
2008;Catalunya;al escribir notas personales;resto de España;solo castellano;población de 15 años o más (miles);;936,1
2008;Catalunya;al escribir notas personales;resto de España;otra lengua (o lenguas);población de 15 años o más (miles);..;null
2008;Catalunya;al escribir notas personales;resto de España;otras combinaciones de lenguas;población de 15 años o más (miles);..;null
2008;Catalunya;al escribir notas personales;resto de España;No consta;población de 15 años o más (miles);..;null
2008;Catalunya;al escribir notas personales;resto de España;total;población de 15 años o más (miles);;1498,2
2008;Catalunya;al escribir notas personales;extranjero;solo catalán;población de 15 años o más (miles);;79,2
2008;Catalunya;al escribir notas personales;extranjero;más catalán que castellano;población de 15 años o más (miles);;21,4
2008;Catalunya;al escribir notas personales;extranjero;catalán y castellano;población de 15 años o más (miles);;78,2
2008;Catalunya;al escribir notas personales;extranjero;más castellano que catalán;población de 15 años o más (miles);;50,2
2008;Catalunya;al escribir notas personales;extranjero;solo castellano;población de 15 años o más (miles);;792,6
2008;Catalunya;al escribir notas personales;extranjero;otra lengua (o lenguas);población de 15 años o más (miles);..;null
2008;Catalunya;al escribir notas personales;extranjero;otras combinaciones de lenguas;población de 15 años o más (miles);..;null
2008;Catalunya;al escribir notas personales;extranjero;No consta;población de 15 años o más (miles);;16,9
2008;Catalunya;al escribir notas personales;extranjero;total;población de 15 años o más (miles);;1050,1
2008;Catalunya;al escribir notas personales;total;solo catalán;población de 15 años o más (miles);;2315,0
2008;Catalunya;al escribir notas personales;total;más catalán que castellano;población de 15 años o más (miles);;451,4
2008;Catalunya;al escribir notas personales;total;catalán y castellano;población de 15 años o más (miles);;666,7
2008;Catalunya;al escribir notas personales;total;más castellano que catalán;población de 15 años o más (miles);;330,4
2008;Catalunya;al escribir notas personales;total;solo castellano;población de 15 años o más (miles);;2291,6
2008;Catalunya;al escribir notas personales;total;otra lengua (o lenguas);población de 15 años o más (miles);;1,9
2008;Catalunya;al escribir notas personales;total;otras combinaciones de lenguas;población de 15 años o más (miles);;13,8
2008;Catalunya;al escribir notas personales;total;No consta;población de 15 años o más (miles);;91,8
2008;Catalunya;al escribir notas personales;total;total;población de 15 años o más (miles);;6162,5
