año;Cataluña;ámbitos de uso de la lengua;sexo;usos lingüísticos;concepto;estado;valor
2008;Catalunya;con los miembros del hogar;hombres;solo catalán;población de 15 años o más (miles);;869,0
2008;Catalunya;con los miembros del hogar;hombres;más catalán que castellano;población de 15 años o más (miles);;104,1
2008;Catalunya;con los miembros del hogar;hombres;catalán y castellano;población de 15 años o más (miles);;210,9
2008;Catalunya;con los miembros del hogar;hombres;más castellano que catalán;población de 15 años o más (miles);;160,8
2008;Catalunya;con los miembros del hogar;hombres;solo castellano;población de 15 años o más (miles);;1224,7
2008;Catalunya;con los miembros del hogar;hombres;otra lengua (o lenguas);población de 15 años o más (miles);;191,7
2008;Catalunya;con los miembros del hogar;hombres;otras combinaciones de lenguas;población de 15 años o más (miles);;68,3
2008;Catalunya;con los miembros del hogar;hombres;No consta;población de 15 años o más (miles);..;null
2008;Catalunya;con los miembros del hogar;hombres;total;población de 15 años o más (miles);;2832,7
2008;Catalunya;con los miembros del hogar;mujeres;solo catalán;población de 15 años o más (miles);;926,6
2008;Catalunya;con los miembros del hogar;mujeres;más catalán que castellano;población de 15 años o más (miles);;100,3
2008;Catalunya;con los miembros del hogar;mujeres;catalán y castellano;población de 15 años o más (miles);;257,5
2008;Catalunya;con los miembros del hogar;mujeres;más castellano que catalán;población de 15 años o más (miles);;179,2
2008;Catalunya;con los miembros del hogar;mujeres;solo castellano;población de 15 años o más (miles);;1191,8
2008;Catalunya;con los miembros del hogar;mujeres;otra lengua (o lenguas);población de 15 años o más (miles);;121,3
2008;Catalunya;con los miembros del hogar;mujeres;otras combinaciones de lenguas;población de 15 años o más (miles);;67,5
2008;Catalunya;con los miembros del hogar;mujeres;No consta;población de 15 años o más (miles);..;null
2008;Catalunya;con los miembros del hogar;mujeres;total;población de 15 años o más (miles);;2844,1
2008;Catalunya;con los miembros del hogar;total;solo catalán;población de 15 años o más (miles);;1795,5
2008;Catalunya;con los miembros del hogar;total;más catalán que castellano;población de 15 años o más (miles);;204,4
2008;Catalunya;con los miembros del hogar;total;catalán y castellano;población de 15 años o más (miles);;468,3
2008;Catalunya;con los miembros del hogar;total;más castellano que catalán;población de 15 años o más (miles);;340,0
2008;Catalunya;con los miembros del hogar;total;solo castellano;población de 15 años o más (miles);;2416,5
2008;Catalunya;con los miembros del hogar;total;otra lengua (o lenguas);población de 15 años o más (miles);;313,0
2008;Catalunya;con los miembros del hogar;total;otras combinaciones de lenguas;población de 15 años o más (miles);;135,7
2008;Catalunya;con los miembros del hogar;total;No consta;población de 15 años o más (miles);..;null
2008;Catalunya;con los miembros del hogar;total;total;población de 15 años o más (miles);;5676,8
2008;Catalunya;con los amigos;hombres;solo catalán;población de 15 años o más (miles);;613,6
2008;Catalunya;con los amigos;hombres;más catalán que castellano;población de 15 años o más (miles);;321,9
2008;Catalunya;con los amigos;hombres;catalán y castellano;población de 15 años o más (miles);;500,2
2008;Catalunya;con los amigos;hombres;más castellano que catalán;población de 15 años o más (miles);;315,0
2008;Catalunya;con los amigos;hombres;solo castellano;población de 15 años o más (miles);;1018,2
2008;Catalunya;con los amigos;hombres;otra lengua (o lenguas);población de 15 años o más (miles);;106,4
2008;Catalunya;con los amigos;hombres;otras combinaciones de lenguas;población de 15 años o más (miles);;145,8
2008;Catalunya;con los amigos;hombres;No consta;población de 15 años o más (miles);..;null
2008;Catalunya;con los amigos;hombres;total;población de 15 años o más (miles);;3034,2
2008;Catalunya;con los amigos;mujeres;solo catalán;población de 15 años o más (miles);;772,9
2008;Catalunya;con los amigos;mujeres;más catalán que castellano;población de 15 años o más (miles);;341,0
2008;Catalunya;con los amigos;mujeres;catalán y castellano;población de 15 años o más (miles);;537,1
2008;Catalunya;con los amigos;mujeres;más castellano que catalán;población de 15 años o más (miles);;237,6
2008;Catalunya;con los amigos;mujeres;solo castellano;población de 15 años o más (miles);;1072,4
2008;Catalunya;con los amigos;mujeres;otra lengua (o lenguas);población de 15 años o más (miles);;60,6
2008;Catalunya;con los amigos;mujeres;otras combinaciones de lenguas;población de 15 años o más (miles);;96,9
2008;Catalunya;con los amigos;mujeres;No consta;población de 15 años o más (miles);..;null
2008;Catalunya;con los amigos;mujeres;total;población de 15 años o más (miles);;3128,4
2008;Catalunya;con los amigos;total;solo catalán;población de 15 años o más (miles);;1386,5
2008;Catalunya;con los amigos;total;más catalán que castellano;población de 15 años o más (miles);;662,9
2008;Catalunya;con los amigos;total;catalán y castellano;población de 15 años o más (miles);;1037,3
2008;Catalunya;con los amigos;total;más castellano que catalán;población de 15 años o más (miles);;552,5
2008;Catalunya;con los amigos;total;solo castellano;población de 15 años o más (miles);;2090,6
2008;Catalunya;con los amigos;total;otra lengua (o lenguas);población de 15 años o más (miles);;167,0
2008;Catalunya;con los amigos;total;otras combinaciones de lenguas;población de 15 años o más (miles);;242,7
2008;Catalunya;con los amigos;total;No consta;población de 15 años o más (miles);;23,1
2008;Catalunya;con los amigos;total;total;población de 15 años o más (miles);;6162,5
2008;Catalunya;con los vecinos;hombres;solo catalán;población de 15 años o más (miles);;635,2
2008;Catalunya;con los vecinos;hombres;más catalán que castellano;población de 15 años o más (miles);;265,4
2008;Catalunya;con los vecinos;hombres;catalán y castellano;población de 15 años o más (miles);;513,2
2008;Catalunya;con los vecinos;hombres;más castellano que catalán;población de 15 años o más (miles);;286,4
2008;Catalunya;con los vecinos;hombres;solo castellano;población de 15 años o más (miles);;1249,9
2008;Catalunya;con los vecinos;hombres;otra lengua (o lenguas);población de 15 años o más (miles);;10,8
2008;Catalunya;con los vecinos;hombres;otras combinaciones de lenguas;población de 15 años o más (miles);;36,0
2008;Catalunya;con los vecinos;hombres;No consta;población de 15 años o más (miles);;37,2
2008;Catalunya;con los vecinos;hombres;total;población de 15 años o más (miles);;3034,2
2008;Catalunya;con los vecinos;mujeres;solo catalán;población de 15 años o más (miles);;764,6
2008;Catalunya;con los vecinos;mujeres;más catalán que castellano;población de 15 años o más (miles);;319,0
2008;Catalunya;con los vecinos;mujeres;catalán y castellano;población de 15 años o más (miles);;503,6
2008;Catalunya;con los vecinos;mujeres;más castellano que catalán;población de 15 años o más (miles);;246,0
2008;Catalunya;con los vecinos;mujeres;solo castellano;población de 15 años o más (miles);;1225,0
2008;Catalunya;con los vecinos;mujeres;otra lengua (o lenguas);población de 15 años o más (miles);;11,9
2008;Catalunya;con los vecinos;mujeres;otras combinaciones de lenguas;población de 15 años o más (miles);;22,7
2008;Catalunya;con los vecinos;mujeres;No consta;población de 15 años o más (miles);;35,6
2008;Catalunya;con los vecinos;mujeres;total;población de 15 años o más (miles);;3128,4
2008;Catalunya;con los vecinos;total;solo catalán;población de 15 años o más (miles);;1399,8
2008;Catalunya;con los vecinos;total;más catalán que castellano;población de 15 años o más (miles);;584,4
2008;Catalunya;con los vecinos;total;catalán y castellano;población de 15 años o más (miles);;1016,8
2008;Catalunya;con los vecinos;total;más castellano que catalán;población de 15 años o más (miles);;532,4
2008;Catalunya;con los vecinos;total;solo castellano;población de 15 años o más (miles);;2474,9
2008;Catalunya;con los vecinos;total;otra lengua (o lenguas);población de 15 años o más (miles);;22,7
2008;Catalunya;con los vecinos;total;otras combinaciones de lenguas;población de 15 años o más (miles);;58,7
2008;Catalunya;con los vecinos;total;No consta;población de 15 años o más (miles);;72,7
2008;Catalunya;con los vecinos;total;total;población de 15 años o más (miles);;6162,5
2008;Catalunya;con los compañeros de estudio;hombres;solo catalán;población de 15 años o más (miles);;136,1
2008;Catalunya;con los compañeros de estudio;hombres;más catalán que castellano;población de 15 años o más (miles);;83,0
2008;Catalunya;con los compañeros de estudio;hombres;catalán y castellano;población de 15 años o más (miles);;88,1
2008;Catalunya;con los compañeros de estudio;hombres;más castellano que catalán;población de 15 años o más (miles);;38,3
2008;Catalunya;con los compañeros de estudio;hombres;solo castellano;población de 15 años o más (miles);;94,7
2008;Catalunya;con los compañeros de estudio;hombres;otra lengua (o lenguas);población de 15 años o más (miles);..;null
2008;Catalunya;con los compañeros de estudio;hombres;otras combinaciones de lenguas;población de 15 años o más (miles);..;null
2008;Catalunya;con los compañeros de estudio;hombres;No consta;población de 15 años o más (miles);..;null
2008;Catalunya;con los compañeros de estudio;hombres;total;población de 15 años o más (miles);;469,6
2008;Catalunya;con los compañeros de estudio;mujeres;solo catalán;población de 15 años o más (miles);;193,6
2008;Catalunya;con los compañeros de estudio;mujeres;más catalán que castellano;población de 15 años o más (miles);;68,2
2008;Catalunya;con los compañeros de estudio;mujeres;catalán y castellano;población de 15 años o más (miles);;100,0
2008;Catalunya;con los compañeros de estudio;mujeres;más castellano que catalán;población de 15 años o más (miles);;37,8
2008;Catalunya;con los compañeros de estudio;mujeres;solo castellano;población de 15 años o más (miles);;92,8
2008;Catalunya;con los compañeros de estudio;mujeres;otra lengua (o lenguas);población de 15 años o más (miles);..;null
2008;Catalunya;con los compañeros de estudio;mujeres;otras combinaciones de lenguas;población de 15 años o más (miles);..;null
2008;Catalunya;con los compañeros de estudio;mujeres;No consta;población de 15 años o más (miles);..;null
2008;Catalunya;con los compañeros de estudio;mujeres;total;población de 15 años o más (miles);;517,3
2008;Catalunya;con los compañeros de estudio;total;solo catalán;población de 15 años o más (miles);;329,7
2008;Catalunya;con los compañeros de estudio;total;más catalán que castellano;población de 15 años o más (miles);;151,2
2008;Catalunya;con los compañeros de estudio;total;catalán y castellano;población de 15 años o más (miles);;188,0
2008;Catalunya;con los compañeros de estudio;total;más castellano que catalán;población de 15 años o más (miles);;76,1
2008;Catalunya;con los compañeros de estudio;total;solo castellano;población de 15 años o más (miles);;187,5
2008;Catalunya;con los compañeros de estudio;total;otra lengua (o lenguas);población de 15 años o más (miles);..;null
2008;Catalunya;con los compañeros de estudio;total;otras combinaciones de lenguas;población de 15 años o más (miles);;26,5
2008;Catalunya;con los compañeros de estudio;total;No consta;población de 15 años o más (miles);..;null
2008;Catalunya;con los compañeros de estudio;total;total;población de 15 años o más (miles);;986,9
2008;Catalunya;con los compañeros de trabajo;hombres;solo catalán;población de 15 años o más (miles);;387,0
2008;Catalunya;con los compañeros de trabajo;hombres;más catalán que castellano;población de 15 años o más (miles);;193,4
2008;Catalunya;con los compañeros de trabajo;hombres;catalán y castellano;población de 15 años o más (miles);;395,1
2008;Catalunya;con los compañeros de trabajo;hombres;más castellano que catalán;población de 15 años o más (miles);;201,3
2008;Catalunya;con los compañeros de trabajo;hombres;solo castellano;población de 15 años o más (miles);;660,7
2008;Catalunya;con los compañeros de trabajo;hombres;otra lengua (o lenguas);población de 15 años o más (miles);;21,5
2008;Catalunya;con los compañeros de trabajo;hombres;otras combinaciones de lenguas;población de 15 años o más (miles);;81,0
2008;Catalunya;con los compañeros de trabajo;hombres;No consta;población de 15 años o más (miles);;23,2
2008;Catalunya;con los compañeros de trabajo;hombres;total;población de 15 años o más (miles);;1963,1
2008;Catalunya;con los compañeros de trabajo;mujeres;solo catalán;población de 15 años o más (miles);;408,9
2008;Catalunya;con los compañeros de trabajo;mujeres;más catalán que castellano;población de 15 años o más (miles);;170,4
2008;Catalunya;con los compañeros de trabajo;mujeres;catalán y castellano;población de 15 años o más (miles);;270,9
2008;Catalunya;con los compañeros de trabajo;mujeres;más castellano que catalán;población de 15 años o más (miles);;134,2
2008;Catalunya;con los compañeros de trabajo;mujeres;solo castellano;población de 15 años o más (miles);;449,0
2008;Catalunya;con los compañeros de trabajo;mujeres;otra lengua (o lenguas);población de 15 años o más (miles);;12,9
2008;Catalunya;con los compañeros de trabajo;mujeres;otras combinaciones de lenguas;población de 15 años o más (miles);;26,2
2008;Catalunya;con los compañeros de trabajo;mujeres;No consta;población de 15 años o más (miles);;18,0
2008;Catalunya;con los compañeros de trabajo;mujeres;total;población de 15 años o más (miles);;1490,4
2008;Catalunya;con los compañeros de trabajo;total;solo catalán;población de 15 años o más (miles);;795,9
2008;Catalunya;con los compañeros de trabajo;total;más catalán que castellano;población de 15 años o más (miles);;363,8
2008;Catalunya;con los compañeros de trabajo;total;catalán y castellano;población de 15 años o más (miles);;666,0
2008;Catalunya;con los compañeros de trabajo;total;más castellano que catalán;población de 15 años o más (miles);;335,5
2008;Catalunya;con los compañeros de trabajo;total;solo castellano;población de 15 años o más (miles);;1109,7
2008;Catalunya;con los compañeros de trabajo;total;otra lengua (o lenguas);población de 15 años o más (miles);;34,3
2008;Catalunya;con los compañeros de trabajo;total;otras combinaciones de lenguas;población de 15 años o más (miles);;107,2
2008;Catalunya;con los compañeros de trabajo;total;No consta;población de 15 años o más (miles);;41,2
2008;Catalunya;con los compañeros de trabajo;total;total;población de 15 años o más (miles);;3453,5
2008;Catalunya;en el pequeño comercio;hombres;solo catalán;población de 15 años o más (miles);;794,6
2008;Catalunya;en el pequeño comercio;hombres;más catalán que castellano;población de 15 años o más (miles);;326,3
2008;Catalunya;en el pequeño comercio;hombres;catalán y castellano;población de 15 años o más (miles);;469,5
2008;Catalunya;en el pequeño comercio;hombres;más castellano que catalán;población de 15 años o más (miles);;258,7
2008;Catalunya;en el pequeño comercio;hombres;solo castellano;población de 15 años o más (miles);;1116,4
2008;Catalunya;en el pequeño comercio;hombres;otra lengua (o lenguas);población de 15 años o más (miles);;1,6
2008;Catalunya;en el pequeño comercio;hombres;otras combinaciones de lenguas;población de 15 años o más (miles);;41,3
2008;Catalunya;en el pequeño comercio;hombres;No consta;población de 15 años o más (miles);;26,0
2008;Catalunya;en el pequeño comercio;hombres;total;población de 15 años o más (miles);;3034,2
2008;Catalunya;en el pequeño comercio;mujeres;solo catalán;población de 15 años o más (miles);;971,9
2008;Catalunya;en el pequeño comercio;mujeres;más catalán que castellano;población de 15 años o más (miles);;351,0
2008;Catalunya;en el pequeño comercio;mujeres;catalán y castellano;población de 15 años o más (miles);;451,3
2008;Catalunya;en el pequeño comercio;mujeres;más castellano que catalán;población de 15 años o más (miles);;202,3
2008;Catalunya;en el pequeño comercio;mujeres;solo castellano;población de 15 años o más (miles);;1104,8
2008;Catalunya;en el pequeño comercio;mujeres;otra lengua (o lenguas);población de 15 años o más (miles);;10,0
2008;Catalunya;en el pequeño comercio;mujeres;otras combinaciones de lenguas;población de 15 años o más (miles);;13,8
2008;Catalunya;en el pequeño comercio;mujeres;No consta;población de 15 años o más (miles);;23,3
2008;Catalunya;en el pequeño comercio;mujeres;total;población de 15 años o más (miles);;3128,4
2008;Catalunya;en el pequeño comercio;total;solo catalán;población de 15 años o más (miles);;1766,4
2008;Catalunya;en el pequeño comercio;total;más catalán que castellano;población de 15 años o más (miles);;677,3
2008;Catalunya;en el pequeño comercio;total;catalán y castellano;población de 15 años o más (miles);;920,7
2008;Catalunya;en el pequeño comercio;total;más castellano que catalán;población de 15 años o más (miles);;461,0
2008;Catalunya;en el pequeño comercio;total;solo castellano;población de 15 años o más (miles);;2221,1
2008;Catalunya;en el pequeño comercio;total;otra lengua (o lenguas);población de 15 años o más (miles);;11,6
2008;Catalunya;en el pequeño comercio;total;otras combinaciones de lenguas;población de 15 años o más (miles);;55,1
2008;Catalunya;en el pequeño comercio;total;No consta;población de 15 años o más (miles);;49,3
2008;Catalunya;en el pequeño comercio;total;total;población de 15 años o más (miles);;6162,5
2008;Catalunya;en el gran comercio;hombres;solo catalán;población de 15 años o más (miles);;662,5
2008;Catalunya;en el gran comercio;hombres;más catalán que castellano;población de 15 años o más (miles);;295,7
2008;Catalunya;en el gran comercio;hombres;catalán y castellano;población de 15 años o más (miles);;461,5
2008;Catalunya;en el gran comercio;hombres;más castellano que catalán;población de 15 años o más (miles);;320,2
2008;Catalunya;en el gran comercio;hombres;solo castellano;población de 15 años o más (miles);;1238,1
2008;Catalunya;en el gran comercio;hombres;otra lengua (o lenguas);población de 15 años o más (miles);..;null
2008;Catalunya;en el gran comercio;hombres;otras combinaciones de lenguas;población de 15 años o más (miles);;11,0
2008;Catalunya;en el gran comercio;hombres;No consta;población de 15 años o más (miles);;43,6
2008;Catalunya;en el gran comercio;hombres;total;población de 15 años o más (miles);;3034,2
2008;Catalunya;en el gran comercio;mujeres;solo catalán;población de 15 años o más (miles);;810,4
2008;Catalunya;en el gran comercio;mujeres;más catalán que castellano;población de 15 años o más (miles);;312,7
2008;Catalunya;en el gran comercio;mujeres;catalán y castellano;población de 15 años o más (miles);;491,2
2008;Catalunya;en el gran comercio;mujeres;más castellano que catalán;población de 15 años o más (miles);;265,0
2008;Catalunya;en el gran comercio;mujeres;solo castellano;población de 15 años o más (miles);;1187,9
2008;Catalunya;en el gran comercio;mujeres;otra lengua (o lenguas);población de 15 años o más (miles);..;null
2008;Catalunya;en el gran comercio;mujeres;otras combinaciones de lenguas;población de 15 años o más (miles);..;null
2008;Catalunya;en el gran comercio;mujeres;No consta;población de 15 años o más (miles);;48,9
2008;Catalunya;en el gran comercio;mujeres;total;población de 15 años o más (miles);;3128,4
2008;Catalunya;en el gran comercio;total;solo catalán;población de 15 años o más (miles);;1472,9
2008;Catalunya;en el gran comercio;total;más catalán que castellano;población de 15 años o más (miles);;608,3
2008;Catalunya;en el gran comercio;total;catalán y castellano;población de 15 años o más (miles);;952,7
2008;Catalunya;en el gran comercio;total;más castellano que catalán;población de 15 años o más (miles);;585,2
2008;Catalunya;en el gran comercio;total;solo castellano;población de 15 años o más (miles);;2425,9
2008;Catalunya;en el gran comercio;total;otra lengua (o lenguas);población de 15 años o más (miles);..;null
2008;Catalunya;en el gran comercio;total;otras combinaciones de lenguas;población de 15 años o más (miles);;19,9
2008;Catalunya;en el gran comercio;total;No consta;población de 15 años o más (miles);;92,5
2008;Catalunya;en el gran comercio;total;total;población de 15 años o más (miles);;6162,5
2008;Catalunya;en la entidad financiera;hombres;solo catalán;población de 15 años o más (miles);;1084,2
2008;Catalunya;en la entidad financiera;hombres;más catalán que castellano;población de 15 años o más (miles);;231,7
2008;Catalunya;en la entidad financiera;hombres;catalán y castellano;población de 15 años o más (miles);;335,6
2008;Catalunya;en la entidad financiera;hombres;más castellano que catalán;población de 15 años o más (miles);;181,4
2008;Catalunya;en la entidad financiera;hombres;solo castellano;población de 15 años o más (miles);;1156,7
2008;Catalunya;en la entidad financiera;hombres;otra lengua (o lenguas);población de 15 años o más (miles);;1,2
2008;Catalunya;en la entidad financiera;hombres;otras combinaciones de lenguas;población de 15 años o más (miles);;6,9
2008;Catalunya;en la entidad financiera;hombres;No consta;población de 15 años o más (miles);;36,4
2008;Catalunya;en la entidad financiera;hombres;total;población de 15 años o más (miles);;3034,2
2008;Catalunya;en la entidad financiera;mujeres;solo catalán;población de 15 años o más (miles);;1230,8
2008;Catalunya;en la entidad financiera;mujeres;más catalán que castellano;población de 15 años o más (miles);;219,7
2008;Catalunya;en la entidad financiera;mujeres;catalán y castellano;población de 15 años o más (miles);;331,1
2008;Catalunya;en la entidad financiera;mujeres;más castellano que catalán;población de 15 años o más (miles);;149,0
2008;Catalunya;en la entidad financiera;mujeres;solo castellano;población de 15 años o más (miles);;1134,8
2008;Catalunya;en la entidad financiera;mujeres;otra lengua (o lenguas);población de 15 años o más (miles);;0,7
2008;Catalunya;en la entidad financiera;mujeres;otras combinaciones de lenguas;población de 15 años o más (miles);;7,0
2008;Catalunya;en la entidad financiera;mujeres;No consta;población de 15 años o más (miles);;55,4
2008;Catalunya;en la entidad financiera;mujeres;total;población de 15 años o más (miles);;3128,4
2008;Catalunya;en la entidad financiera;total;solo catalán;población de 15 años o más (miles);;2315,0
2008;Catalunya;en la entidad financiera;total;más catalán que castellano;población de 15 años o más (miles);;451,4
2008;Catalunya;en la entidad financiera;total;catalán y castellano;población de 15 años o más (miles);;666,7
2008;Catalunya;en la entidad financiera;total;más castellano que catalán;población de 15 años o más (miles);;330,4
2008;Catalunya;en la entidad financiera;total;solo castellano;población de 15 años o más (miles);;2291,6
2008;Catalunya;en la entidad financiera;total;otra lengua (o lenguas);población de 15 años o más (miles);;1,9
2008;Catalunya;en la entidad financiera;total;otras combinaciones de lenguas;población de 15 años o más (miles);;13,8
2008;Catalunya;en la entidad financiera;total;No consta;población de 15 años o más (miles);;91,8
2008;Catalunya;en la entidad financiera;total;total;población de 15 años o más (miles);;6162,5
2008;Catalunya;con el personal médico;hombres;solo catalán;población de 15 años o más (miles);;965,9
2008;Catalunya;con el personal médico;hombres;más catalán que castellano;población de 15 años o más (miles);;239,3
2008;Catalunya;con el personal médico;hombres;catalán y castellano;población de 15 años o más (miles);;359,7
2008;Catalunya;con el personal médico;hombres;más castellano que catalán;población de 15 años o más (miles);;174,6
2008;Catalunya;con el personal médico;hombres;solo castellano;población de 15 años o más (miles);;1257,5
2008;Catalunya;con el personal médico;hombres;otra lengua (o lenguas);población de 15 años o más (miles);..;null
2008;Catalunya;con el personal médico;hombres;otras combinaciones de lenguas;población de 15 años o más (miles);;5,8
2008;Catalunya;con el personal médico;hombres;No consta;población de 15 años o más (miles);;27,1
2008;Catalunya;con el personal médico;hombres;total;población de 15 años o más (miles);;3034,2
2008;Catalunya;con el personal médico;mujeres;solo catalán;población de 15 años o más (miles);;1154,0
2008;Catalunya;con el personal médico;mujeres;más catalán que castellano;población de 15 años o más (miles);;201,8
2008;Catalunya;con el personal médico;mujeres;catalán y castellano;población de 15 años o más (miles);;354,1
2008;Catalunya;con el personal médico;mujeres;más castellano que catalán;población de 15 años o más (miles);;140,0
2008;Catalunya;con el personal médico;mujeres;solo castellano;población de 15 años o más (miles);;1263,4
2008;Catalunya;con el personal médico;mujeres;otra lengua (o lenguas);población de 15 años o más (miles);..;null
2008;Catalunya;con el personal médico;mujeres;otras combinaciones de lenguas;población de 15 años o más (miles);..;null
2008;Catalunya;con el personal médico;mujeres;No consta;población de 15 años o más (miles);..;null
2008;Catalunya;con el personal médico;mujeres;total;población de 15 años o más (miles);;3128,4
2008;Catalunya;con el personal médico;total;solo catalán;población de 15 años o más (miles);;2119,9
2008;Catalunya;con el personal médico;total;más catalán que castellano;población de 15 años o más (miles);;441,1
2008;Catalunya;con el personal médico;total;catalán y castellano;población de 15 años o más (miles);;713,9
2008;Catalunya;con el personal médico;total;más castellano que catalán;población de 15 años o más (miles);;314,6
2008;Catalunya;con el personal médico;total;solo castellano;población de 15 años o más (miles);;2520,9
2008;Catalunya;con el personal médico;total;otra lengua (o lenguas);población de 15 años o más (miles);;6,8
2008;Catalunya;con el personal médico;total;otras combinaciones de lenguas;población de 15 años o más (miles);;9,8
2008;Catalunya;con el personal médico;total;No consta;población de 15 años o más (miles);;35,7
2008;Catalunya;con el personal médico;total;total;población de 15 años o más (miles);;6162,5
2008;Catalunya;al escribir notas personales;hombres;solo catalán;población de 15 años o más (miles);;705,7
2008;Catalunya;al escribir notas personales;hombres;más catalán que castellano;población de 15 años o más (miles);;98,1
2008;Catalunya;al escribir notas personales;hombres;catalán y castellano;población de 15 años o más (miles);;191,3
2008;Catalunya;al escribir notas personales;hombres;más castellano que catalán;población de 15 años o más (miles);;133,1
2008;Catalunya;al escribir notas personales;hombres;solo castellano;población de 15 años o más (miles);;1642,1
2008;Catalunya;al escribir notas personales;hombres;otra lengua (o lenguas);población de 15 años o más (miles);;162,5
2008;Catalunya;al escribir notas personales;hombres;otras combinaciones de lenguas;población de 15 años o más (miles);;52,3
2008;Catalunya;al escribir notas personales;hombres;No consta;población de 15 años o más (miles);;49,0
2008;Catalunya;al escribir notas personales;hombres;total;población de 15 años o más (miles);;3034,2
2008;Catalunya;al escribir notas personales;mujeres;solo catalán;población de 15 años o más (miles);;848,9
2008;Catalunya;al escribir notas personales;mujeres;más catalán que castellano;población de 15 años o más (miles);;104,9
2008;Catalunya;al escribir notas personales;mujeres;catalán y castellano;población de 15 años o más (miles);;232,0
2008;Catalunya;al escribir notas personales;mujeres;más castellano que catalán;población de 15 años o más (miles);;113,7
2008;Catalunya;al escribir notas personales;mujeres;solo castellano;población de 15 años o más (miles);;1620,5
2008;Catalunya;al escribir notas personales;mujeres;otra lengua (o lenguas);población de 15 años o más (miles);;97,0
2008;Catalunya;al escribir notas personales;mujeres;otras combinaciones de lenguas;población de 15 años o más (miles);;42,4
2008;Catalunya;al escribir notas personales;mujeres;No consta;población de 15 años o más (miles);;69,0
2008;Catalunya;al escribir notas personales;mujeres;total;población de 15 años o más (miles);;3128,4
2008;Catalunya;al escribir notas personales;total;solo catalán;población de 15 años o más (miles);;1554,6
2008;Catalunya;al escribir notas personales;total;más catalán que castellano;población de 15 años o más (miles);;203,0
2008;Catalunya;al escribir notas personales;total;catalán y castellano;población de 15 años o más (miles);;423,3
2008;Catalunya;al escribir notas personales;total;más castellano que catalán;población de 15 años o más (miles);;246,8
2008;Catalunya;al escribir notas personales;total;solo castellano;población de 15 años o más (miles);;3262,6
2008;Catalunya;al escribir notas personales;total;otra lengua (o lenguas);población de 15 años o más (miles);;259,5
2008;Catalunya;al escribir notas personales;total;otras combinaciones de lenguas;población de 15 años o más (miles);;94,7
2008;Catalunya;al escribir notas personales;total;No consta;población de 15 años o más (miles);;118,0
2008;Catalunya;al escribir notas personales;total;total;población de 15 años o más (miles);;6162,5
