año;Cataluña;lugar de nacimiento;lengua;concepto;estado;valor
2008;Catalunya;Cataluña;catalán;población de 15 años o más (miles);;2024,5
2008;Catalunya;Cataluña;castellano;población de 15 años o más (miles);;1021,6
2008;Catalunya;Cataluña;catalán y castellano;población de 15 años o más (miles);;558,2
2008;Catalunya;Cataluña;aranés;población de 15 años o más (miles);;1,8
2008;Catalunya;Cataluña;árabe;población de 15 años o más (miles);..;null
2008;Catalunya;Cataluña;otras lenguas;población de 15 años o más (miles);..;null
2008;Catalunya;Cataluña;otras combinaciones de lenguas;población de 15 años o más (miles);..;null
2008;Catalunya;Cataluña;No consta;población de 15 años o más (miles);..;null
2008;Catalunya;Cataluña;total;población de 15 años o más (miles);;3614,3
2008;Catalunya;resto de España;catalán;población de 15 años o más (miles);;128,0
2008;Catalunya;resto de España;castellano;población de 15 años o más (miles);;1217,4
2008;Catalunya;resto de España;catalán y castellano;población de 15 años o más (miles);;141,9
2008;Catalunya;resto de España;aranés;población de 15 años o más (miles);..;null
2008;Catalunya;resto de España;árabe;población de 15 años o más (miles);..;null
2008;Catalunya;resto de España;otras lenguas;población de 15 años o más (miles);..;null
2008;Catalunya;resto de España;otras combinaciones de lenguas;población de 15 años o más (miles);..;null
2008;Catalunya;resto de España;No consta;población de 15 años o más (miles);..;null
2008;Catalunya;resto de España;total;población de 15 años o más (miles);;1498,2
2008;Catalunya;extranjero;catalán;población de 15 años o más (miles);;44,1
2008;Catalunya;extranjero;castellano;población de 15 años o más (miles);;591,0
2008;Catalunya;extranjero;catalán y castellano;población de 15 años o más (miles);;35,3
2008;Catalunya;extranjero;aranés;población de 15 años o más (miles);..;null
2008;Catalunya;extranjero;árabe;población de 15 años o más (miles);;114,2
2008;Catalunya;extranjero;otras lenguas;población de 15 años o más (miles);;170,7
2008;Catalunya;extranjero;otras combinaciones de lenguas;población de 15 años o más (miles);;94,7
2008;Catalunya;extranjero;No consta;población de 15 años o más (miles);..;null
2008;Catalunya;extranjero;total;población de 15 años o más (miles);;1050,1
2008;Catalunya;total;catalán;población de 15 años o más (miles);;2196,6
2008;Catalunya;total;castellano;población de 15 años o más (miles);;2830,0
2008;Catalunya;total;catalán y castellano;población de 15 años o más (miles);;735,4
2008;Catalunya;total;aranés;población de 15 años o más (miles);;2,0
2008;Catalunya;total;árabe;población de 15 años o más (miles);;115,9
2008;Catalunya;total;otras lenguas;población de 15 años o más (miles);;177,3
2008;Catalunya;total;otras combinaciones de lenguas;población de 15 años o más (miles);;105,3
2008;Catalunya;total;No consta;población de 15 años o más (miles);..;null
2008;Catalunya;total;total;población de 15 años o más (miles);;6162,5
2013;Catalunya;Cataluña;catalán;población de 15 años o más (miles);;2082,0
2013;Catalunya;Cataluña;castellano;población de 15 años o más (miles);;1251,1
2013;Catalunya;Cataluña;catalán y castellano;población de 15 años o más (miles);;325,0
2013;Catalunya;Cataluña;aranés;población de 15 años o más (miles);;1,4
2013;Catalunya;Cataluña;árabe;población de 15 años o más (miles);..;null
2013;Catalunya;Cataluña;otras lenguas;población de 15 años o más (miles);..;null
2013;Catalunya;Cataluña;otras combinaciones de lenguas;población de 15 años o más (miles);..;null
2013;Catalunya;Cataluña;No consta;población de 15 años o más (miles);..;null
2013;Catalunya;Cataluña;total;población de 15 años o más (miles);;3682,2
2013;Catalunya;resto de España;catalán;población de 15 años o más (miles);;123,1
2013;Catalunya;resto de España;castellano;población de 15 años o más (miles);;1200,9
2013;Catalunya;resto de España;catalán y castellano;población de 15 años o más (miles);;74,6
2013;Catalunya;resto de España;aranés;población de 15 años o más (miles);..;null
2013;Catalunya;resto de España;árabe;población de 15 años o más (miles);..;null
2013;Catalunya;resto de España;otras lenguas;población de 15 años o más (miles);..;null
2013;Catalunya;resto de España;otras combinaciones de lenguas;población de 15 años o más (miles);..;null
2013;Catalunya;resto de España;No consta;población de 15 años o más (miles);..;null
2013;Catalunya;resto de España;total;población de 15 años o más (miles);;1410,8
2013;Catalunya;extranjero;catalán;población de 15 años o más (miles);;64,6
2013;Catalunya;extranjero;castellano;población de 15 años o más (miles);;720,6
2013;Catalunya;extranjero;catalán y castellano;población de 15 años o más (miles);;27,0
2013;Catalunya;extranjero;aranés;población de 15 años o más (miles);..;null
2013;Catalunya;extranjero;árabe;población de 15 años o más (miles);;75,9
2013;Catalunya;extranjero;otras lenguas;población de 15 años o más (miles);;199,5
2013;Catalunya;extranjero;otras combinaciones de lenguas;población de 15 años o más (miles);;64,3
2013;Catalunya;extranjero;No consta;población de 15 años o más (miles);..;null
2013;Catalunya;extranjero;total;población de 15 años o más (miles);;1160,8
2013;Catalunya;total;catalán;población de 15 años o más (miles);;2269,6
2013;Catalunya;total;castellano;población de 15 años o más (miles);;3172,6
2013;Catalunya;total;catalán y castellano;población de 15 años o más (miles);;426,6
2013;Catalunya;total;aranés;población de 15 años o más (miles);;1,5
2013;Catalunya;total;árabe;población de 15 años o más (miles);;78,6
2013;Catalunya;total;otras lenguas;población de 15 años o más (miles);;210,6
2013;Catalunya;total;otras combinaciones de lenguas;población de 15 años o más (miles);;74,0
2013;Catalunya;total;No consta;población de 15 años o más (miles);;20,1
2013;Catalunya;total;total;población de 15 años o más (miles);;6253,8
2018;Catalunya;Cataluña;catalán;población de 15 años o más (miles);;2117,1
2018;Catalunya;Cataluña;castellano;población de 15 años o más (miles);;1308,6
2018;Catalunya;Cataluña;catalán y castellano;población de 15 años o más (miles);;349,6
2018;Catalunya;Cataluña;aranés;población de 15 años o más (miles);;1,6
2018;Catalunya;Cataluña;árabe;población de 15 años o más (miles);..;null
2018;Catalunya;Cataluña;otras lenguas;población de 15 años o más (miles);..;null
2018;Catalunya;Cataluña;otras combinaciones de lenguas;población de 15 años o más (miles);;23,6
2018;Catalunya;Cataluña;No consta;población de 15 años o más (miles);..;null
2018;Catalunya;Cataluña;total;población de 15 años o más (miles);;3820,0
2018;Catalunya;resto de España;catalán;población de 15 años o más (miles);;128,9
2018;Catalunya;resto de España;castellano;población de 15 años o más (miles);;1031,3
2018;Catalunya;resto de España;catalán y castellano;población de 15 años o más (miles);;87,1
2018;Catalunya;resto de España;aranés;población de 15 años o más (miles);..;null
2018;Catalunya;resto de España;árabe;población de 15 años o más (miles);..;null
2018;Catalunya;resto de España;otras lenguas;población de 15 años o más (miles);..;null
2018;Catalunya;resto de España;otras combinaciones de lenguas;población de 15 años o más (miles);..;null
2018;Catalunya;resto de España;No consta;población de 15 años o más (miles);..;null
2018;Catalunya;resto de España;total;población de 15 años o más (miles);;1273,7
2018;Catalunya;extranjero;catalán;población de 15 años o más (miles);;59,1
2018;Catalunya;extranjero;castellano;población de 15 años o más (miles);;764,7
2018;Catalunya;extranjero;catalán y castellano;población de 15 años o más (miles);;37,5
2018;Catalunya;extranjero;aranés;población de 15 años o más (miles);..;null
2018;Catalunya;extranjero;árabe;población de 15 años o más (miles);;60,6
2018;Catalunya;extranjero;otras lenguas;población de 15 años o más (miles);;201,1
2018;Catalunya;extranjero;otras combinaciones de lenguas;población de 15 años o más (miles);;157,9
2018;Catalunya;extranjero;No consta;población de 15 años o más (miles);..;null
2018;Catalunya;extranjero;total;población de 15 años o más (miles);;1292,8
2018;Catalunya;total;catalán;población de 15 años o más (miles);;2305,1
2018;Catalunya;total;castellano;población de 15 años o más (miles);;3104,6
2018;Catalunya;total;catalán y castellano;población de 15 años o más (miles);;474,2
2018;Catalunya;total;aranés;población de 15 años o más (miles);;1,7
2018;Catalunya;total;árabe;población de 15 años o más (miles);;60,6
2018;Catalunya;total;otras lenguas;población de 15 años o más (miles);;217,5
2018;Catalunya;total;otras combinaciones de lenguas;población de 15 años o más (miles);;192,9
2018;Catalunya;total;No consta;población de 15 años o más (miles);;30,1
2018;Catalunya;total;total;población de 15 años o más (miles);;6386,6
