año;Cataluña;lengua;lugar de nacimiento;concepto;habilidades lingüísticas;estado;valor
2023;Catalunya;catalán;Cataluña;población de 15 años o más (miles);entender;;3976,9
2023;Catalunya;catalán;Cataluña;población de 15 años o más (miles);saber hablar;;3898,8
2023;Catalunya;catalán;Cataluña;población de 15 años o más (miles);saber leer;;3887,2
2023;Catalunya;catalán;Cataluña;población de 15 años o más (miles);saber escribir;;3490,6
2023;Catalunya;catalán;Cataluña;población de 15 años o más (miles);conocimiento en todas las habilidades;;3484,5
2023;Catalunya;catalán;Cataluña;proporción sobre la población de 15 años o más (%);entender;;99,7
2023;Catalunya;catalán;Cataluña;proporción sobre la población de 15 años o más (%);saber hablar;;97,8
2023;Catalunya;catalán;Cataluña;proporción sobre la población de 15 años o más (%);saber leer;;97,5
2023;Catalunya;catalán;Cataluña;proporción sobre la población de 15 años o más (%);saber escribir;;87,5
2023;Catalunya;catalán;Cataluña;proporción sobre la población de 15 años o más (%);conocimiento en todas las habilidades;;87,4
2023;Catalunya;catalán;resto de España;población de 15 años o más (miles);entender;;1036,1
2023;Catalunya;catalán;resto de España;población de 15 años o más (miles);saber hablar;;714,9
2023;Catalunya;catalán;resto de España;población de 15 años o más (miles);saber leer;;804,3
2023;Catalunya;catalán;resto de España;población de 15 años o más (miles);saber escribir;;369,7
2023;Catalunya;catalán;resto de España;población de 15 años o más (miles);conocimiento en todas las habilidades;;366,2
2023;Catalunya;catalán;resto de España;proporción sobre la población de 15 años o más (%);entender;;91,4
2023;Catalunya;catalán;resto de España;proporción sobre la población de 15 años o más (%);saber hablar;;63,1
2023;Catalunya;catalán;resto de España;proporción sobre la población de 15 años o más (%);saber leer;;71,0
2023;Catalunya;catalán;resto de España;proporción sobre la población de 15 años o más (%);saber escribir;;32,6
2023;Catalunya;catalán;resto de España;proporción sobre la población de 15 años o más (%);conocimiento en todas las habilidades;;32,3
2023;Catalunya;catalán;extranjero;población de 15 años o más (miles);entender;;1324,5
2023;Catalunya;catalán;extranjero;población de 15 años o más (miles);saber hablar;;841,0
2023;Catalunya;catalán;extranjero;población de 15 años o más (miles);saber leer;;1017,9
2023;Catalunya;catalán;extranjero;población de 15 años o más (miles);saber escribir;;588,2
2023;Catalunya;catalán;extranjero;población de 15 años o más (miles);conocimiento en todas las habilidades;;567,7
2023;Catalunya;catalán;extranjero;proporción sobre la población de 15 años o más (%);entender;;79,6
2023;Catalunya;catalán;extranjero;proporción sobre la población de 15 años o más (%);saber hablar;;50,5
2023;Catalunya;catalán;extranjero;proporción sobre la población de 15 años o más (%);saber leer;;61,2
2023;Catalunya;catalán;extranjero;proporción sobre la población de 15 años o más (%);saber escribir;;35,4
2023;Catalunya;catalán;extranjero;proporción sobre la población de 15 años o más (%);conocimiento en todas las habilidades;;34,1
2023;Catalunya;catalán;total;población de 15 años o más (miles);entender;;6337,5
2023;Catalunya;catalán;total;población de 15 años o más (miles);saber hablar;;5454,7
2023;Catalunya;catalán;total;población de 15 años o más (miles);saber leer;;5709,4
2023;Catalunya;catalán;total;población de 15 años o más (miles);saber escribir;;4448,4
2023;Catalunya;catalán;total;población de 15 años o más (miles);conocimiento en todas las habilidades;;4418,5
2023;Catalunya;catalán;total;proporción sobre la población de 15 años o más (%);entender;;93,4
2023;Catalunya;catalán;total;proporción sobre la población de 15 años o más (%);saber hablar;;80,4
2023;Catalunya;catalán;total;proporción sobre la población de 15 años o más (%);saber leer;;84,1
2023;Catalunya;catalán;total;proporción sobre la población de 15 años o más (%);saber escribir;;65,6
2023;Catalunya;catalán;total;proporción sobre la población de 15 años o más (%);conocimiento en todas las habilidades;;65,1
2023;Catalunya;castellano;Cataluña;población de 15 años o más (miles);entender;;3984,9
2023;Catalunya;castellano;Cataluña;población de 15 años o más (miles);saber hablar;;3979,1
2023;Catalunya;castellano;Cataluña;población de 15 años o más (miles);saber leer;;3965,9
2023;Catalunya;castellano;Cataluña;población de 15 años o más (miles);saber escribir;;3873,3
2023;Catalunya;castellano;Cataluña;población de 15 años o más (miles);conocimiento en todas las habilidades;;3869,7
2023;Catalunya;castellano;Cataluña;proporción sobre la población de 15 años o más (%);entender;;99,9
2023;Catalunya;castellano;Cataluña;proporción sobre la población de 15 años o más (%);saber hablar;;99,8
2023;Catalunya;castellano;Cataluña;proporción sobre la población de 15 años o más (%);saber leer;;99,5
2023;Catalunya;castellano;Cataluña;proporción sobre la población de 15 años o más (%);saber escribir;;97,1
2023;Catalunya;castellano;Cataluña;proporción sobre la población de 15 años o más (%);conocimiento en todas las habilidades;;97,0
2023;Catalunya;castellano;resto de España;población de 15 años o más (miles);entender;;1133,4
2023;Catalunya;castellano;resto de España;población de 15 años o más (miles);saber hablar;;1133,4
2023;Catalunya;castellano;resto de España;población de 15 años o más (miles);saber leer;;1101,8
2023;Catalunya;castellano;resto de España;población de 15 años o más (miles);saber escribir;;1060,8
2023;Catalunya;castellano;resto de España;población de 15 años o más (miles);conocimiento en todas las habilidades;;1060,8
2023;Catalunya;castellano;resto de España;proporción sobre la población de 15 años o más (%);entender;;100,0
2023;Catalunya;castellano;resto de España;proporción sobre la población de 15 años o más (%);saber hablar;;100,0
2023;Catalunya;castellano;resto de España;proporción sobre la población de 15 años o más (%);saber leer;;97,2
2023;Catalunya;castellano;resto de España;proporción sobre la población de 15 años o más (%);saber escribir;;93,6
2023;Catalunya;castellano;resto de España;proporción sobre la población de 15 años o más (%);conocimiento en todas las habilidades;;93,6
2023;Catalunya;castellano;extranjero;población de 15 años o más (miles);entender;;1637,0
2023;Catalunya;castellano;extranjero;población de 15 años o más (miles);saber hablar;;1621,1
2023;Catalunya;castellano;extranjero;población de 15 años o más (miles);saber leer;;1549,4
2023;Catalunya;castellano;extranjero;población de 15 años o más (miles);saber escribir;;1474,6
2023;Catalunya;castellano;extranjero;población de 15 años o más (miles);conocimiento en todas las habilidades;;1471,2
2023;Catalunya;castellano;extranjero;proporción sobre la población de 15 años o más (%);entender;;98,4
2023;Catalunya;castellano;extranjero;proporción sobre la población de 15 años o más (%);saber hablar;;97,4
2023;Catalunya;castellano;extranjero;proporción sobre la población de 15 años o más (%);saber leer;;93,1
2023;Catalunya;castellano;extranjero;proporción sobre la población de 15 años o más (%);saber escribir;;88,6
2023;Catalunya;castellano;extranjero;proporción sobre la población de 15 años o más (%);conocimiento en todas las habilidades;;88,4
2023;Catalunya;castellano;total;población de 15 años o más (miles);entender;;6755,3
2023;Catalunya;castellano;total;población de 15 años o más (miles);saber hablar;;6733,6
2023;Catalunya;castellano;total;población de 15 años o más (miles);saber leer;;6617,1
2023;Catalunya;castellano;total;población de 15 años o más (miles);saber escribir;;6408,7
2023;Catalunya;castellano;total;población de 15 años o más (miles);conocimiento en todas las habilidades;;6401,7
2023;Catalunya;castellano;total;proporción sobre la población de 15 años o más (%);entender;;99,6
2023;Catalunya;castellano;total;proporción sobre la población de 15 años o más (%);saber hablar;;99,2
2023;Catalunya;castellano;total;proporción sobre la población de 15 años o más (%);saber leer;;97,5
2023;Catalunya;castellano;total;proporción sobre la población de 15 años o más (%);saber escribir;;94,5
2023;Catalunya;castellano;total;proporción sobre la población de 15 años o más (%);conocimiento en todas las habilidades;;94,4
2023;Catalunya;inglés;Cataluña;población de 15 años o más (miles);entender;;2354,1
2023;Catalunya;inglés;Cataluña;población de 15 años o más (miles);saber hablar;;1967,7
2023;Catalunya;inglés;Cataluña;población de 15 años o más (miles);saber leer;;2176,5
2023;Catalunya;inglés;Cataluña;población de 15 años o más (miles);saber escribir;;1912,9
2023;Catalunya;inglés;Cataluña;población de 15 años o más (miles);conocimiento en todas las habilidades;;1808,2
2023;Catalunya;inglés;Cataluña;proporción sobre la población de 15 años o más (%);entender;;59,0
2023;Catalunya;inglés;Cataluña;proporción sobre la población de 15 años o más (%);saber hablar;;49,3
2023;Catalunya;inglés;Cataluña;proporción sobre la población de 15 años o más (%);saber leer;;54,6
2023;Catalunya;inglés;Cataluña;proporción sobre la población de 15 años o más (%);saber escribir;;48,0
2023;Catalunya;inglés;Cataluña;proporción sobre la población de 15 años o más (%);conocimiento en todas las habilidades;;45,3
2023;Catalunya;inglés;resto de España;población de 15 años o más (miles);entender;;236,9
2023;Catalunya;inglés;resto de España;población de 15 años o más (miles);saber hablar;;180,8
2023;Catalunya;inglés;resto de España;población de 15 años o más (miles);saber leer;;199,2
2023;Catalunya;inglés;resto de España;población de 15 años o más (miles);saber escribir;;162,8
2023;Catalunya;inglés;resto de España;población de 15 años o más (miles);conocimiento en todas las habilidades;;154,1
2023;Catalunya;inglés;resto de España;proporción sobre la población de 15 años o más (%);entender;;20,9
2023;Catalunya;inglés;resto de España;proporción sobre la población de 15 años o más (%);saber hablar;;16,0
2023;Catalunya;inglés;resto de España;proporción sobre la población de 15 años o más (%);saber leer;;17,6
2023;Catalunya;inglés;resto de España;proporción sobre la población de 15 años o más (%);saber escribir;;14,4
2023;Catalunya;inglés;resto de España;proporción sobre la población de 15 años o más (%);conocimiento en todas las habilidades;;13,6
2023;Catalunya;inglés;extranjero;población de 15 años o más (miles);entender;;914,8
2023;Catalunya;inglés;extranjero;población de 15 años o más (miles);saber hablar;;796,1
2023;Catalunya;inglés;extranjero;población de 15 años o más (miles);saber leer;;792,9
2023;Catalunya;inglés;extranjero;población de 15 años o más (miles);saber escribir;;702,3
2023;Catalunya;inglés;extranjero;población de 15 años o más (miles);conocimiento en todas las habilidades;;681,8
2023;Catalunya;inglés;extranjero;proporción sobre la población de 15 años o más (%);entender;;55,0
2023;Catalunya;inglés;extranjero;proporción sobre la población de 15 años o más (%);saber hablar;;47,8
2023;Catalunya;inglés;extranjero;proporción sobre la población de 15 años o más (%);saber leer;;47,7
2023;Catalunya;inglés;extranjero;proporción sobre la población de 15 años o más (%);saber escribir;;42,2
2023;Catalunya;inglés;extranjero;proporción sobre la población de 15 años o más (%);conocimiento en todas las habilidades;;41,0
2023;Catalunya;inglés;total;población de 15 años o más (miles);entender;;3505,8
2023;Catalunya;inglés;total;población de 15 años o más (miles);saber hablar;;2944,6
2023;Catalunya;inglés;total;población de 15 años o más (miles);saber leer;;3168,6
2023;Catalunya;inglés;total;población de 15 años o más (miles);saber escribir;;2778,0
2023;Catalunya;inglés;total;población de 15 años o más (miles);conocimiento en todas las habilidades;;2644,1
2023;Catalunya;inglés;total;proporción sobre la población de 15 años o más (%);entender;;51,7
2023;Catalunya;inglés;total;proporción sobre la población de 15 años o más (%);saber hablar;;43,4
2023;Catalunya;inglés;total;proporción sobre la población de 15 años o más (%);saber leer;;46,7
2023;Catalunya;inglés;total;proporción sobre la población de 15 años o más (%);saber escribir;;40,9
2023;Catalunya;inglés;total;proporción sobre la población de 15 años o más (%);conocimiento en todas las habilidades;;39,0
2023;Catalunya;francés;Cataluña;población de 15 años o más (miles);entender;;1228,6
2023;Catalunya;francés;Cataluña;población de 15 años o más (miles);saber hablar;;831,7
2023;Catalunya;francés;Cataluña;población de 15 años o más (miles);saber leer;;987,3
2023;Catalunya;francés;Cataluña;población de 15 años o más (miles);saber escribir;;640,2
2023;Catalunya;francés;Cataluña;población de 15 años o más (miles);conocimiento en todas las habilidades;;611,7
2023;Catalunya;francés;Cataluña;proporción sobre la población de 15 años o más (%);entender;;30,8
2023;Catalunya;francés;Cataluña;proporción sobre la población de 15 años o más (%);saber hablar;;20,9
2023;Catalunya;francés;Cataluña;proporción sobre la población de 15 años o más (%);saber leer;;24,8
2023;Catalunya;francés;Cataluña;proporción sobre la población de 15 años o más (%);saber escribir;;16,1
2023;Catalunya;francés;Cataluña;proporción sobre la población de 15 años o más (%);conocimiento en todas las habilidades;;15,3
2023;Catalunya;francés;resto de España;población de 15 años o más (miles);entender;;179,6
2023;Catalunya;francés;resto de España;población de 15 años o más (miles);saber hablar;;127,7
2023;Catalunya;francés;resto de España;población de 15 años o más (miles);saber leer;;142,1
2023;Catalunya;francés;resto de España;población de 15 años o más (miles);saber escribir;;87,9
2023;Catalunya;francés;resto de España;población de 15 años o más (miles);conocimiento en todas las habilidades;;86,1
2023;Catalunya;francés;resto de España;proporción sobre la población de 15 años o más (%);entender;;15,8
2023;Catalunya;francés;resto de España;proporción sobre la población de 15 años o más (%);saber hablar;;11,3
2023;Catalunya;francés;resto de España;proporción sobre la población de 15 años o más (%);saber leer;;12,5
2023;Catalunya;francés;resto de España;proporción sobre la población de 15 años o más (%);saber escribir;;7,8
2023;Catalunya;francés;resto de España;proporción sobre la población de 15 años o más (%);conocimiento en todas las habilidades;;7,6
2023;Catalunya;francés;extranjero;población de 15 años o más (miles);entender;;420,7
2023;Catalunya;francés;extranjero;población de 15 años o más (miles);saber hablar;;323,3
2023;Catalunya;francés;extranjero;población de 15 años o más (miles);saber leer;;334,8
2023;Catalunya;francés;extranjero;población de 15 años o más (miles);saber escribir;;264,5
2023;Catalunya;francés;extranjero;población de 15 años o más (miles);conocimiento en todas las habilidades;;256,7
2023;Catalunya;francés;extranjero;proporción sobre la población de 15 años o más (%);entender;;25,3
2023;Catalunya;francés;extranjero;proporción sobre la población de 15 años o más (%);saber hablar;;19,4
2023;Catalunya;francés;extranjero;proporción sobre la población de 15 años o más (%);saber leer;;20,1
2023;Catalunya;francés;extranjero;proporción sobre la población de 15 años o más (%);saber escribir;;15,9
2023;Catalunya;francés;extranjero;proporción sobre la población de 15 años o más (%);conocimiento en todas las habilidades;;15,4
2023;Catalunya;francés;total;población de 15 años o más (miles);entender;;1828,9
2023;Catalunya;francés;total;población de 15 años o más (miles);saber hablar;;1282,6
2023;Catalunya;francés;total;población de 15 años o más (miles);saber leer;;1464,2
2023;Catalunya;francés;total;población de 15 años o más (miles);saber escribir;;992,6
2023;Catalunya;francés;total;población de 15 años o más (miles);conocimiento en todas las habilidades;;954,5
2023;Catalunya;francés;total;proporción sobre la población de 15 años o más (%);entender;;27,0
2023;Catalunya;francés;total;proporción sobre la población de 15 años o más (%);saber hablar;;18,9
2023;Catalunya;francés;total;proporción sobre la población de 15 años o más (%);saber leer;;21,6
2023;Catalunya;francés;total;proporción sobre la población de 15 años o más (%);saber escribir;;14,6
2023;Catalunya;francés;total;proporción sobre la población de 15 años o más (%);conocimiento en todas las habilidades;;14,1
